Store,Assortment,CompetitionDistance,Promo2,PromoInterval,CompetitionOpenSince,Promo2Since,StoreType_a,StoreType_b,StoreType_c,StoreType_d
1,0,1270.0,0,,2008-09-01,,0,0,1,0
2,0,570.0,1,"Jan,Apr,Jul,Oct",2007-11-01,2010-03-29,1,0,0,0
3,0,14130.0,1,"Jan,Apr,Jul,Oct",2006-12-01,2011-04-04,1,0,0,0
4,2,620.0,0,,2009-09-01,,0,0,1,0
5,0,29910.0,0,,2015-04-01,,1,0,0,0
6,0,310.0,0,,2013-12-01,,1,0,0,0
7,2,24000.0,0,,2013-04-01,,1,0,0,0
8,0,7520.0,0,,2014-10-01,,1,0,0,0
9,2,2030.0,0,,2000-08-01,,1,0,0,0
10,0,3160.0,0,,2009-09-01,,1,0,0,0
11,2,960.0,1,"Jan,Apr,Jul,Oct",2011-11-01,2012-01-02,1,0,0,0
12,2,1070.0,1,"Jan,Apr,Jul,Oct",2010-02-01,2010-03-29,1,0,0,0
13,0,310.0,1,"Feb,May,Aug,Nov",2010-02-01,2009-11-09,0,0,0,1
14,0,1300.0,1,"Jan,Apr,Jul,Oct",2014-03-01,2011-10-03,1,0,0,0
15,2,4110.0,1,"Jan,Apr,Jul,Oct",2010-03-01,2011-04-04,0,0,0,1
16,2,3270.0,0,,2010-02-01,,1,0,0,0
17,0,50.0,1,"Jan,Apr,Jul,Oct",2005-12-01,2010-06-28,1,0,0,0
18,2,13840.0,1,"Jan,Apr,Jul,Oct",2010-06-01,2012-04-02,0,0,0,1
19,2,3240.0,1,"Mar,Jun,Sept,Dec",2010-02-01,2011-05-30,1,0,0,0
20,0,2340.0,1,"Jan,Apr,Jul,Oct",2009-05-01,2014-10-06,0,0,0,1
21,2,550.0,1,"Jan,Apr,Jul,Oct",1999-10-01,2009-11-09,0,0,1,0
22,0,1040.0,1,"Jan,Apr,Jul,Oct",2010-02-01,2012-05-28,1,0,0,0
23,0,4060.0,0,,2005-08-01,,0,0,0,1
24,2,4590.0,1,"Jan,Apr,Jul,Oct",2000-03-01,2011-10-03,1,0,0,0
25,0,430.0,0,,2003-04-01,,0,0,1,0
26,0,2300.0,0,,2010-02-01,,0,0,0,1
27,0,60.0,1,"Jan,Apr,Jul,Oct",2005-01-01,2011-01-31,1,0,0,0
28,0,1200.0,1,"Mar,Jun,Sept,Dec",2014-10-01,2015-02-09,1,0,0,0
29,2,2170.0,0,,2010-02-01,,0,0,0,1
30,0,40.0,1,"Mar,Jun,Sept,Dec",2014-02-01,2014-03-10,1,0,0,0
31,2,9800.0,0,,2012-07-01,,0,0,0,1
32,0,2910.0,1,"Feb,May,Aug,Nov",2010-02-01,2009-11-09,1,0,0,0
33,2,1320.0,0,,2013-05-01,,1,0,0,0
34,0,2240.0,0,,2009-09-01,,0,0,1,0
35,2,7660.0,1,"Jan,Apr,Jul,Oct",2000-10-01,2012-01-02,0,0,0,1
36,2,540.0,1,"Jan,Apr,Jul,Oct",2003-06-01,2014-10-06,1,0,0,0
37,0,4230.0,0,,2014-12-01,,0,0,1,0
38,0,1090.0,0,,2007-04-01,,0,0,0,1
39,0,260.0,1,"Feb,May,Aug,Nov",2006-10-01,2013-08-05,1,0,0,0
40,0,180.0,1,"Feb,May,Aug,Nov",2010-02-01,2009-11-09,1,0,0,0
41,2,1180.0,1,"Jan,Apr,Jul,Oct",2010-02-01,2013-08-05,0,0,0,1
42,2,290.0,1,"Jan,Apr,Jul,Oct",2010-02-01,2011-10-03,1,0,0,0
43,0,4880.0,1,"Jan,Apr,Jul,Oct",2010-02-01,2009-09-14,0,0,0,1
44,0,540.0,0,,2011-06-01,,1,0,0,0
45,0,9710.0,0,,2014-02-01,,0,0,0,1
46,0,1200.0,1,"Jan,Apr,Jul,Oct",2005-09-01,2011-04-04,0,0,1,0
47,2,270.0,1,"Jan,Apr,Jul,Oct",2013-04-01,2013-04-08,1,0,0,0
48,0,1060.0,0,,2012-05-01,,1,0,0,0
49,2,18010.0,0,,2007-09-01,,0,0,0,1
50,0,6260.0,0,,2009-11-01,,0,0,0,1
51,2,10570.0,1,"Jan,Apr,Jul,Oct",2013-07-01,2011-02-28,1,0,0,0
52,2,450.0,1,"Jan,Apr,Jul,Oct",2014-04-01,2010-09-27,0,0,0,1
53,2,30360.0,0,,2013-09-01,,1,0,0,0
54,2,7170.0,1,"Feb,May,Aug,Nov",2014-08-01,2013-02-04,0,0,0,1
55,0,720.0,0,,2004-11-01,,1,0,0,0
56,2,6620.0,1,"Mar,Jun,Sept,Dec",2012-03-01,2014-03-10,0,0,0,1
57,2,420.0,0,,2014-06-01,,0,0,0,1
58,2,7340.0,1,"Jan,Apr,Jul,Oct",2008-05-01,2012-07-02,1,0,0,0
59,2,2840.0,1,"Jan,Apr,Jul,Oct",2007-06-01,2011-04-04,1,0,0,0
60,2,5540.0,0,,2009-10-01,,0,0,0,1
61,2,350.0,1,"Jan,Apr,Jul,Oct",2007-12-01,2012-01-02,1,0,0,0
62,0,2050.0,0,,2010-02-01,,1,0,0,0
63,2,3700.0,1,"Feb,May,Aug,Nov",2010-06-01,2010-05-03,0,0,1,0
64,2,22560.0,1,"Jan,Apr,Jul,Oct",2010-02-01,2013-04-08,0,0,0,1
65,2,13840.0,1,"Jan,Apr,Jul,Oct",2010-05-01,2012-01-02,1,0,0,0
66,0,7660.0,1,"Jan,Apr,Jul,Oct",2010-02-01,2009-09-14,0,0,0,1
67,2,410.0,0,,2006-02-01,,1,0,0,0
68,2,250.0,1,"Mar,Jun,Sept,Dec",2010-02-01,2012-08-27,1,0,0,0
69,2,1130.0,1,"Jan,Apr,Jul,Oct",2010-02-01,2011-10-03,0,0,1,0
70,2,4840.0,0,,2010-02-01,,0,0,1,0
71,0,17500.0,1,"Mar,Jun,Sept,Dec",2008-08-01,2009-09-14,1,0,0,0
72,0,2200.0,1,"Jan,Apr,Jul,Oct",2009-12-01,2010-03-29,1,0,0,0
73,2,1650.0,0,,2008-09-01,,1,0,0,0
74,0,330.0,0,,2010-02-01,,1,0,0,0
75,2,22440.0,0,,2013-12-01,,0,0,0,1
76,2,19960.0,0,,2006-03-01,,0,0,0,1
77,2,1090.0,1,"Jan,Apr,Jul,Oct",2009-08-01,2014-03-10,0,0,0,1
78,0,3510.0,1,"Feb,May,Aug,Nov",2006-11-01,2013-02-04,1,0,0,0
79,0,3320.0,0,,2010-02-01,,1,0,0,0
80,0,7910.0,0,,2010-02-01,,0,0,0,1
81,0,2370.0,1,"Jan,Apr,Jul,Oct",2011-03-01,2014-10-06,1,0,0,0
82,0,22390.0,1,"Jan,Apr,Jul,Oct",2008-04-01,2009-09-14,1,0,0,0
83,0,2710.0,0,,2010-02-01,,1,0,0,0
84,2,11810.0,0,,2014-08-01,,1,0,0,0
85,0,1870.0,0,,2011-10-01,,0,1,0,0
86,0,480.0,1,"Jan,Apr,Jul,Oct",2005-02-01,2013-08-05,1,0,0,0
87,0,560.0,0,,2010-12-01,,1,0,0,0
88,0,10690.0,0,,2005-10-01,,1,0,0,0
89,0,2380.0,1,"Jan,Apr,Jul,Oct",2004-07-01,2014-10-06,1,0,0,0
90,0,330.0,0,,2007-11-01,,1,0,0,0
91,0,2410.0,1,"Jan,Apr,Jul,Oct",2010-02-01,2011-08-29,0,0,1,0
92,0,240.0,1,"Feb,May,Aug,Nov",2010-02-01,2009-11-09,0,0,1,0
93,0,16690.0,1,"Jan,Apr,Jul,Oct",2010-02-01,2011-04-04,1,0,0,0
94,2,14620.0,0,,2010-02-01,,0,0,0,1
95,0,1890.0,0,,2014-10-01,,1,0,0,0
96,0,8780.0,1,"Jan,Apr,Jul,Oct",2005-02-01,2009-09-14,1,0,0,0
97,2,8980.0,0,,2010-02-01,,0,0,0,1
98,2,15140.0,1,"Jan,Apr,Jul,Oct",2006-12-01,2012-01-02,0,0,0,1
99,2,2030.0,1,"Mar,Jun,Sept,Dec",2003-11-01,2012-05-28,0,0,1,0
100,0,17930.0,0,,2010-02-01,,0,0,0,1
101,2,2440.0,1,"Mar,Jun,Sept,Dec",2010-02-01,2012-05-28,0,0,0,1
102,0,150.0,1,"Mar,Jun,Sept,Dec",2007-12-01,2014-03-10,1,0,0,0
103,2,5210.0,0,,2015-05-01,,0,0,0,1
104,0,390.0,0,,2009-06-01,,1,0,0,0
105,2,6190.0,1,"Mar,Jun,Sept,Dec",2010-02-01,2013-06-10,1,0,0,0
106,0,1390.0,0,,2013-08-01,,1,0,0,0
107,0,1930.0,0,,2009-09-01,,1,0,0,0
108,2,2190.0,0,,2003-09-01,,0,0,0,1
109,2,3300.0,0,,2010-11-01,,1,0,0,0
110,2,46590.0,0,,2013-04-01,,1,0,0,0
111,2,7890.0,1,"Jan,Apr,Jul,Oct",2010-02-01,2009-09-14,0,0,0,1
112,0,1630.0,0,,2009-09-01,,1,0,0,0
113,2,20930.0,0,,1999-11-01,,0,0,0,1
114,0,4510.0,1,"Mar,Jun,Sept,Dec",2010-02-01,2011-11-28,0,0,1,0
115,2,5740.0,1,"Jan,Apr,Jul,Oct",2007-04-01,2014-10-06,0,0,0,1
116,0,680.0,0,,2013-04-01,,1,0,0,0
117,0,3450.0,0,,2011-09-01,,1,0,0,0
118,2,3580.0,0,,2012-09-01,,0,0,0,1
119,2,2100.0,0,,2010-02-01,,1,0,0,0
120,0,2290.0,1,"Jan,Apr,Jul,Oct",2014-12-01,2009-09-14,0,0,0,1
121,0,3570.0,1,"Mar,Jun,Sept,Dec",2009-11-01,2013-09-09,1,0,0,0
122,2,58260.0,0,,2013-04-01,,1,0,0,0
123,0,16760.0,0,,2011-09-01,,1,0,0,0
124,0,1410.0,0,,2003-04-01,,1,0,0,0
125,0,760.0,0,,2005-12-01,,1,0,0,0
126,0,3370.0,1,"Feb,May,Aug,Nov",2014-10-01,2011-05-02,0,0,0,1
127,0,1350.0,1,"Jan,Apr,Jul,Oct",2005-12-01,2010-03-29,0,0,0,1
128,2,2000.0,1,"Jan,Apr,Jul,Oct",2010-02-01,2013-01-07,0,0,0,1
129,0,2460.0,1,"Jan,Apr,Jul,Oct",2010-02-01,2011-04-04,1,0,0,0
130,0,900.0,1,"Jan,Apr,Jul,Oct",2010-02-01,2010-03-29,0,0,1,0
131,0,920.0,0,,2015-07-01,,0,0,1,0
132,2,1040.0,1,"Jan,Apr,Jul,Oct",2010-02-01,2012-07-02,0,0,0,1
133,0,270.0,1,"Mar,Jun,Sept,Dec",2013-08-01,2014-03-10,1,0,0,0
134,0,1200.0,0,,2008-09-01,,1,0,0,0
135,0,5190.0,1,"Jan,Apr,Jul,Oct",2010-02-01,2013-01-07,0,0,0,1
136,2,2200.0,1,"Feb,May,Aug,Nov",2010-12-01,2012-05-28,1,0,0,0
137,0,1730.0,1,"Jan,Apr,Jul,Oct",2015-07-01,2014-10-06,1,0,0,0
138,2,25360.0,0,,2014-10-01,,1,0,0,0
139,0,1700.0,1,"Jan,Apr,Jul,Oct",2008-01-01,2011-04-04,1,0,0,0
140,2,1090.0,1,"Jan,Apr,Jul,Oct",2010-07-01,2013-01-07,1,0,0,0
141,2,1540.0,1,"Mar,Jun,Sept,Dec",2010-02-01,2012-05-28,0,0,1,0
142,0,1090.0,0,,2002-07-01,,1,0,0,0
143,0,2930.0,0,,2002-12-01,,0,0,0,1
144,2,16570.0,0,,2010-02-01,,1,0,0,0
145,0,280.0,1,"Feb,May,Aug,Nov",2010-02-01,2009-11-09,1,0,0,0
146,2,8050.0,1,"Jan,Apr,Jul,Oct",1961-10-01,2012-11-26,0,0,0,1
147,2,8540.0,0,,2010-02-01,,0,0,0,1
148,0,2090.0,0,,2008-12-01,,1,0,0,0
149,0,2610.0,1,"Jan,Apr,Jul,Oct",2006-07-01,2011-04-04,0,0,0,1
150,2,31830.0,0,,2010-03-01,,0,0,1,0
151,2,4360.0,0,,2005-10-01,,0,0,0,1
152,0,1780.0,0,,2010-02-01,,1,0,0,0
153,0,16240.0,1,"Feb,May,Aug,Nov",2000-10-01,2011-05-02,1,0,0,0
154,2,16420.0,0,,2010-02-01,,0,0,0,1
155,0,3050.0,1,"Jan,Apr,Jul,Oct",2010-02-01,2010-08-30,0,0,0,1
156,0,2020.0,1,"Mar,Jun,Sept,Dec",2011-02-01,2011-04-04,1,0,0,0
157,2,2950.0,0,,2004-10-01,,1,0,0,0
158,2,11840.0,1,"Feb,May,Aug,Nov",2010-02-01,2009-08-03,0,0,0,1
159,0,8530.0,0,,2013-03-01,,0,0,0,1
160,2,17110.0,0,,2005-11-01,,0,0,0,1
161,2,2970.0,0,,2005-03-01,,1,0,0,0
162,2,5340.0,1,"Jan,Apr,Jul,Oct",2012-03-01,2010-03-29,0,0,0,1
163,0,1480.0,0,,2009-04-01,,1,0,0,0
164,0,1160.0,1,"Jan,Apr,Jul,Oct",2005-09-01,2010-03-29,1,0,0,0
165,0,3720.0,1,"Jan,Apr,Jul,Oct",2005-04-01,2010-03-29,1,0,0,0
166,2,100.0,1,"Jan,Apr,Jul,Oct",2014-04-01,2013-08-05,1,0,0,0
167,0,140.0,0,,2008-04-01,,1,0,0,0
168,0,12540.0,0,,2010-02-01,,1,0,0,0
169,0,980.0,1,"Feb,May,Aug,Nov",2014-07-01,2014-05-05,0,0,0,1
170,0,1070.0,1,"Jan,Apr,Jul,Oct",2015-05-01,2011-04-04,1,0,0,0
171,0,2640.0,0,,2010-02-01,,1,0,0,0
172,0,110.0,1,"Jan,Apr,Jul,Oct",2010-02-01,2014-10-06,1,0,0,0
173,0,350.0,0,,2012-12-01,,1,0,0,0
174,0,13090.0,1,"Jan,Apr,Jul,Oct",2010-02-01,2012-05-28,1,0,0,0
175,0,4130.0,0,,2010-02-01,,0,0,1,0
176,0,3770.0,0,,2010-02-01,,1,0,0,0
177,0,1250.0,1,"Feb,May,Aug,Nov",2004-02-01,2013-02-04,1,0,0,0
178,0,1710.0,0,,2010-02-01,,0,0,0,1
179,2,480.0,0,,2010-02-01,,1,0,0,0
180,0,5800.0,0,,2010-09-01,,0,0,0,1
181,0,12610.0,1,"Jan,Apr,Jul,Oct",2013-03-01,2011-04-04,1,0,0,0
182,2,1390.0,1,"Mar,Jun,Sept,Dec",2010-02-01,2011-02-28,0,0,0,1
183,0,9670.0,0,,2010-02-01,,1,0,0,0
184,2,3560.0,0,,2010-02-01,,0,0,0,1
185,2,1860.0,0,,2015-05-01,,0,0,0,1
186,0,290.0,1,"Jan,Apr,Jul,Oct",2011-10-01,2014-10-06,1,0,0,0
187,2,19360.0,0,,2010-02-01,,1,0,0,0
188,0,850.0,1,"Feb,May,Aug,Nov",2010-02-01,2011-05-02,0,0,0,1
189,0,5760.0,0,,2014-07-01,,0,0,0,1
190,0,1470.0,1,"Jan,Apr,Jul,Oct",2006-12-01,2014-10-06,1,0,0,0
191,0,1100.0,1,"Jan,Apr,Jul,Oct",2013-08-01,2014-10-06,1,0,0,0
192,2,2770.0,1,"Jan,Apr,Jul,Oct",2008-03-01,2014-10-06,0,0,0,1
193,0,520.0,0,,2010-02-01,,1,0,0,0
194,2,16970.0,1,"Feb,May,Aug,Nov",2010-02-01,2013-02-04,0,0,0,1
195,2,220.0,0,,2010-02-01,,1,0,0,0
196,0,3850.0,1,"Jan,Apr,Jul,Oct",2005-11-01,2011-04-04,0,0,1,0
197,0,4210.0,0,,2015-03-01,,0,0,1,0
198,0,290.0,1,"Jan,Apr,Jul,Oct",2002-09-01,2010-03-29,1,0,0,0
199,2,6360.0,1,"Mar,Jun,Sept,Dec",2010-12-01,2012-04-02,0,0,0,1
200,0,1650.0,0,,2000-10-01,,1,0,0,0
201,0,20260.0,1,"Mar,Jun,Sept,Dec",2010-02-01,2014-05-05,0,0,0,1
202,2,5140.0,0,,2010-05-01,,0,0,0,1
203,2,490.0,0,,2002-11-01,,0,0,1,0
204,0,5630.0,1,"Jan,Apr,Jul,Oct",2002-12-01,2014-10-06,1,0,0,0
205,0,110.0,0,,2007-12-01,,1,0,0,0
206,2,380.0,1,"Jan,Apr,Jul,Oct",2010-02-01,2012-04-02,1,0,0,0
207,0,6870.0,0,,2010-02-01,,1,0,0,0
208,0,300.0,0,,2006-04-01,,0,0,1,0
209,2,11680.0,1,"Jan,Apr,Jul,Oct",2011-09-01,2013-08-05,1,0,0,0
210,0,970.0,1,"Feb,May,Aug,Nov",1999-11-01,2013-02-04,0,0,0,1
211,2,350.0,0,,2006-11-01,,1,0,0,0
212,2,15050.0,0,,2008-09-01,,1,0,0,0
213,2,4030.0,1,"Jan,Apr,Jul,Oct",2014-03-01,2014-01-06,0,0,0,1
214,0,8650.0,1,"Jan,Apr,Jul,Oct",2013-07-01,2014-03-10,0,0,0,1
215,0,150.0,1,"Feb,May,Aug,Nov",2010-02-01,2009-11-09,0,0,0,1
216,0,190.0,1,"Feb,May,Aug,Nov",2010-02-01,2009-11-09,0,0,1,0
217,0,3150.0,0,,2010-02-01,,0,0,1,0
218,2,640.0,1,"Mar,Jun,Sept,Dec",2010-02-01,2011-02-28,1,0,0,0
219,0,1640.0,0,,2013-02-01,,1,0,0,0
220,0,1000.0,0,,2008-09-01,,1,0,0,0
221,2,13530.0,0,,2013-09-01,,0,0,0,1
222,0,2170.0,0,,2008-11-01,,1,0,0,0
223,2,2920.0,1,"Jan,Apr,Jul,Oct",1995-10-01,2011-07-04,0,0,0,1
224,2,7930.0,1,"Jan,Apr,Jul,Oct",2010-02-01,2013-01-07,0,0,0,1
225,0,10180.0,0,,2015-05-01,,0,0,0,1
226,0,450.0,0,,2010-02-01,,1,0,0,0
227,0,2370.0,0,,2010-02-01,,1,0,0,0
228,2,10800.0,1,"Feb,May,Aug,Nov",2010-02-01,2011-05-02,0,0,0,1
229,2,17410.0,1,"Jan,Apr,Jul,Oct",2007-04-01,2011-04-04,0,0,0,1
230,2,6680.0,0,,2013-09-01,,0,0,0,1
231,2,3840.0,1,"Feb,May,Aug,Nov",2008-10-01,2010-09-27,0,0,0,1
232,2,13570.0,1,"Mar,Jun,Sept,Dec",2010-05-01,2013-03-11,0,0,1,0
233,0,1890.0,0,,2010-02-01,,1,0,0,0
234,0,4370.0,0,,2010-02-01,,0,0,0,1
235,0,5710.0,1,"Jan,Apr,Jul,Oct",2012-03-01,2009-09-14,1,0,0,0
236,0,1000.0,0,,2007-11-01,,1,0,0,0
237,0,1420.0,0,,2007-11-01,,1,0,0,0
238,0,320.0,1,"Feb,May,Aug,Nov",2010-02-01,2009-11-09,1,0,0,0
239,2,610.0,0,,2010-02-01,,0,0,0,1
240,0,1110.0,0,,2009-05-01,,1,0,0,0
241,2,780.0,0,,2010-02-01,,0,0,0,1
242,0,6880.0,1,"Jan,Apr,Jul,Oct",2001-09-01,2011-04-04,0,0,0,1
243,0,310.0,1,"Feb,May,Aug,Nov",2010-02-01,2013-02-04,1,0,0,0
244,0,710.0,1,"Jan,Apr,Jul,Oct",2012-03-01,2012-01-02,0,0,0,1
245,2,1310.0,0,,2010-02-01,,1,0,0,0
246,0,4660.0,0,,2013-04-01,,0,0,1,0
247,2,70.0,1,"Feb,May,Aug,Nov",2010-11-01,2013-02-04,0,0,0,1
248,2,340.0,1,"Jan,Apr,Jul,Oct",2012-09-01,2012-10-01,1,0,0,0
249,2,18010.0,0,,2014-09-01,,0,0,0,1
250,0,3520.0,1,"Feb,May,Aug,Nov",2010-02-01,2012-04-30,0,0,0,1
251,2,340.0,0,,2010-02-01,,1,0,0,0
252,2,22330.0,1,"Feb,May,Aug,Nov",2010-02-01,2010-02-01,0,0,0,1
253,2,250.0,1,"Feb,May,Aug,Nov",2010-02-01,2013-02-04,1,0,0,0
254,0,330.0,1,"Mar,Jun,Sept,Dec",2008-03-01,2012-01-02,0,0,0,1
255,2,4630.0,1,"Feb,May,Aug,Nov",2011-03-01,2011-08-29,0,0,1,0
256,2,80.0,1,"Mar,Jun,Sept,Dec",2005-09-01,2014-03-10,1,0,0,0
257,0,420.0,0,,2012-12-01,,1,0,0,0
258,0,27190.0,1,"Jan,Apr,Jul,Oct",2010-07-01,2009-09-14,1,0,0,0
259,1,210.0,0,,2010-02-01,,0,1,0,0
260,0,540.0,0,,2011-10-01,,1,0,0,0
261,2,15340.0,1,"Jan,Apr,Jul,Oct",2015-04-01,2009-09-28,0,0,0,1
262,0,1180.0,0,,2013-05-01,,0,1,0,0
263,2,1140.0,1,"Jan,Apr,Jul,Oct",2013-05-01,2014-10-06,1,0,0,0
264,0,180.0,0,,2014-03-01,,1,0,0,0
265,0,4580.0,1,"Jan,Apr,Jul,Oct",2010-02-01,2015-04-06,1,0,0,0
266,2,360.0,1,"Mar,Jun,Sept,Dec",2014-03-01,2011-02-28,1,0,0,0
267,0,2460.0,0,,2012-01-01,,0,0,1,0
268,0,4520.0,0,,2014-02-01,,1,0,0,0
269,2,60.0,0,,2015-06-01,,1,0,0,0
270,0,1450.0,0,,2014-07-01,,1,0,0,0
271,0,420.0,1,"Jan,Apr,Jul,Oct",2010-02-01,2011-04-04,1,0,0,0
272,0,16180.0,1,"Jan,Apr,Jul,Oct",2003-07-01,2011-04-04,1,0,0,0
273,2,8480.0,0,,2010-02-01,,1,0,0,0
274,1,3640.0,1,"Jan,Apr,Jul,Oct",2010-02-01,2013-03-11,0,1,0,0
275,0,300.0,1,"Jan,Apr,Jul,Oct",2014-05-01,2014-10-06,0,0,0,1
276,0,2960.0,1,"Mar,Jun,Sept,Dec",2014-10-01,2013-09-09,1,0,0,0
277,2,7840.0,1,"Feb,May,Aug,Nov",2010-02-01,2009-08-03,0,0,0,1
278,2,9260.0,0,,2010-02-01,,1,0,0,0
279,2,2320.0,1,"Jan,Apr,Jul,Oct",2010-02-01,2012-10-01,0,0,0,1
280,2,18640.0,1,"Mar,Jun,Sept,Dec",2013-09-01,2014-03-10,0,0,0,1
281,2,6970.0,0,,2011-09-01,,0,0,0,1
282,0,1220.0,0,,2010-12-01,,1,0,0,0
283,0,2260.0,1,"Jan,Apr,Jul,Oct",2010-02-01,2014-10-06,1,0,0,0
284,0,1290.0,1,"Jan,Apr,Jul,Oct",2010-02-01,2014-10-06,0,0,0,1
285,0,2410.0,0,,2010-02-01,,1,0,0,0
286,0,1460.0,0,,2015-04-01,,1,0,0,0
287,0,2740.0,1,"Jan,Apr,Jul,Oct",2009-05-01,2014-10-06,0,0,1,0
288,0,800.0,1,"Mar,Jun,Sept,Dec",2010-02-01,2011-04-04,0,0,0,1
289,0,6540.0,0,,2007-12-01,,0,0,0,1
290,0,4150.0,0,,2001-05-01,,1,0,0,0
291,0,4385.0,0,,2010-02-01,,0,0,0,1
292,0,1100.0,0,,2009-06-01,,1,0,0,0
293,2,140.0,0,,2007-11-01,,0,0,1,0
294,0,3150.0,0,,2005-05-01,,1,0,0,0
295,0,210.0,1,"Mar,Jun,Sept,Dec",2000-11-01,2013-09-09,1,0,0,0
296,0,9580.0,1,"Feb,May,Aug,Nov",2007-05-01,2014-11-10,1,0,0,0
297,0,2300.0,0,,2010-09-01,,1,0,0,0
298,0,19840.0,0,,2009-07-01,,0,0,0,1
299,2,38630.0,0,,2012-09-01,,0,0,0,1
300,2,120.0,1,"Jan,Apr,Jul,Oct",2009-04-01,2012-01-02,1,0,0,0
301,2,4510.0,0,,2015-03-01,,1,0,0,0
302,2,2190.0,1,"Mar,Jun,Sept,Dec",2007-12-01,2011-02-28,0,0,0,1
303,0,15430.0,1,"Feb,May,Aug,Nov",2012-11-01,2011-05-02,1,0,0,0
304,0,1950.0,0,,2015-07-01,,1,0,0,0
305,2,2470.0,1,"Mar,Jun,Sept,Dec",2005-02-01,2013-08-05,0,0,1,0
306,0,5100.0,1,"Jan,Apr,Jul,Oct",2007-04-01,2014-10-06,1,0,0,0
307,0,18660.0,0,,2002-09-01,,1,0,0,0
308,0,1070.0,1,"Jan,Apr,Jul,Oct",2006-12-01,2010-03-29,1,0,0,0
309,0,8740.0,1,"Feb,May,Aug,Nov",2010-02-01,2009-09-14,0,0,0,1
310,2,2290.0,1,"Mar,Jun,Sept,Dec",2010-02-01,2014-03-10,1,0,0,0
311,2,680.0,0,,2005-07-01,,1,0,0,0
312,0,11300.0,0,,2012-03-01,,0,0,0,1
313,2,14160.0,0,,2010-02-01,,0,0,0,1
314,0,3560.0,1,"Feb,May,Aug,Nov",2001-10-01,2013-08-05,1,0,0,0
315,2,38710.0,0,,2013-04-01,,1,0,0,0
316,0,9000.0,0,,2001-08-01,,0,0,0,1
317,0,3140.0,1,"Jan,Apr,Jul,Oct",2013-07-01,2011-04-04,0,0,0,1
318,2,32330.0,0,,2014-03-01,,0,0,0,1
319,2,570.0,1,"Mar,Jun,Sept,Dec",2012-09-01,2012-07-02,1,0,0,0
320,2,210.0,0,,2012-09-01,,1,0,0,0
321,2,8140.0,1,"Mar,Jun,Sept,Dec",2013-11-01,2014-03-10,0,0,1,0
322,0,17500.0,1,"Jan,Apr,Jul,Oct",2001-04-01,2009-09-14,1,0,0,0
323,2,8400.0,1,"Feb,May,Aug,Nov",2012-04-01,2013-02-04,0,0,0,1
324,0,13140.0,1,"Jan,Apr,Jul,Oct",2010-02-01,2011-04-04,1,0,0,0
325,2,350.0,1,"Feb,May,Aug,Nov",2011-03-01,2011-05-30,1,0,0,0
326,0,10070.0,1,"Feb,May,Aug,Nov",2015-05-01,2013-08-05,0,0,0,1
327,2,1390.0,0,,2004-12-01,,0,0,1,0
328,0,3130.0,0,,2002-07-01,,1,0,0,0
329,0,1310.0,1,"Mar,Jun,Sept,Dec",1990-06-01,2012-05-28,1,0,0,0
330,2,370.0,1,"Mar,Jun,Sept,Dec",2010-02-01,2012-05-28,1,0,0,0
331,2,670.0,1,"Jan,Apr,Jul,Oct",2010-02-01,2015-04-06,1,0,0,0
332,0,1840.0,0,,2006-03-01,,1,0,0,0
333,2,3720.0,0,,2010-02-01,,1,0,0,0
334,2,4040.0,1,"Mar,Jun,Sept,Dec",2008-08-01,2013-05-06,0,0,0,1
335,0,90.0,1,"Jan,Apr,Jul,Oct",2010-02-01,2013-08-05,0,1,0,0
336,0,190.0,0,,2014-07-01,,1,0,0,0
337,2,10600.0,1,"Feb,May,Aug,Nov",2005-07-01,2014-11-10,0,0,0,1
338,2,1590.0,1,"Jan,Apr,Jul,Oct",2010-02-01,2009-09-14,1,0,0,0
339,2,2280.0,1,"Mar,Jun,Sept,Dec",2010-02-01,2013-03-11,1,0,0,0
340,2,8080.0,0,,2010-02-01,,1,0,0,0
341,0,190.0,0,,2011-09-01,,1,0,0,0
342,2,15770.0,1,"Jan,Apr,Jul,Oct",2010-02-01,2014-10-06,0,0,0,1
343,0,18650.0,1,"Jan,Apr,Jul,Oct",2004-04-01,2014-04-07,0,0,0,1
344,2,300.0,1,"Jan,Apr,Jul,Oct",2011-04-01,2011-04-04,1,0,0,0
345,0,120.0,1,"Jan,Apr,Jul,Oct",2010-02-01,2012-05-28,1,0,0,0
346,2,8090.0,0,,2010-02-01,,1,0,0,0
347,2,9360.0,1,"Mar,Jun,Sept,Dec",2013-07-01,2012-05-28,0,0,0,1
348,0,16490.0,1,"Jan,Apr,Jul,Oct",2010-02-01,2012-05-28,1,0,0,0
349,2,1490.0,0,,2009-04-01,,0,0,1,0
350,0,8880.0,1,"Jan,Apr,Jul,Oct",2010-02-01,2011-04-04,0,0,0,1
351,0,5290.0,1,"Feb,May,Aug,Nov",2012-11-01,2013-02-04,1,0,0,0
352,2,6360.0,1,"Mar,Jun,Sept,Dec",2010-02-01,2012-10-01,0,0,0,1
353,1,900.0,1,"Feb,May,Aug,Nov",2010-02-01,2013-04-08,0,1,0,0
354,2,1500.0,0,,2005-10-01,,0,0,0,1
355,2,9720.0,0,,2013-08-01,,1,0,0,0
356,2,8970.0,1,"Feb,May,Aug,Nov",2007-12-01,2012-05-28,0,0,0,1
357,0,2060.0,0,,2008-10-01,,1,0,0,0
358,0,2890.0,0,,2003-10-01,,1,0,0,0
359,2,4370.0,0,,2010-02-01,,0,0,0,1
360,0,2040.0,0,,2007-06-01,,1,0,0,0
361,2,4490.0,1,"Feb,May,Aug,Nov",2014-05-01,2013-02-04,0,0,1,0
362,2,340.0,0,,2010-02-01,,0,0,1,0
363,0,250.0,0,,2009-09-01,,1,0,0,0
364,2,13620.0,1,"Mar,Jun,Sept,Dec",2010-02-01,2014-03-10,1,0,0,0
365,0,2410.0,1,"Feb,May,Aug,Nov",2010-02-01,2009-11-09,0,0,1,0
366,2,6470.0,0,,2004-12-01,,0,0,0,1
367,2,2640.0,0,,2012-09-01,,0,0,0,1
368,2,1450.0,1,"Feb,May,Aug,Nov",2005-04-01,2009-11-09,0,0,0,1
369,2,5870.0,0,,2014-04-01,,0,0,0,1
370,0,8250.0,1,"Jan,Apr,Jul,Oct",2000-10-01,2009-08-03,0,0,0,1
371,2,1970.0,1,"Feb,May,Aug,Nov",2009-07-01,2014-11-10,0,0,0,1
372,2,4880.0,1,"Jan,Apr,Jul,Oct",2010-08-01,2014-05-05,0,0,0,1
373,2,11120.0,1,"Jan,Apr,Jul,Oct",2010-02-01,2012-05-28,0,0,0,1
374,0,1150.0,0,,2007-09-01,,1,0,0,0
375,2,15710.0,1,"Jan,Apr,Jul,Oct",2013-02-01,2009-09-14,1,0,0,0
376,0,160.0,0,,2012-08-01,,1,0,0,0
377,2,100.0,1,"Feb,May,Aug,Nov",2010-06-01,2010-05-03,1,0,0,0
378,2,2140.0,0,,2012-08-01,,1,0,0,0
379,0,6630.0,0,,2010-02-01,,0,0,0,1
380,0,2240.0,1,"Mar,Jun,Sept,Dec",2013-05-01,2014-03-10,1,0,0,0
381,0,1800.0,1,"Feb,May,Aug,Nov",2006-11-01,2013-02-04,1,0,0,0
382,2,26130.0,0,,2002-11-01,,0,0,1,0
383,2,350.0,0,,2010-02-01,,1,0,0,0
384,2,130.0,1,"Jan,Apr,Jul,Oct",2010-02-01,2011-04-04,1,0,0,0
385,0,4580.0,0,,2007-09-01,,0,0,0,1
386,2,1460.0,1,"Jan,Apr,Jul,Oct",2014-04-01,2013-08-05,0,0,0,1
387,0,210.0,1,"Mar,Jun,Sept,Dec",2010-02-01,2013-09-09,0,0,1,0
388,0,2260.0,0,,2010-02-01,,1,0,0,0
389,2,6690.0,0,,2011-08-01,,1,0,0,0
390,2,1600.0,0,,2009-04-01,,1,0,0,0
391,0,460.0,1,"Feb,May,Aug,Nov",2014-11-01,2013-08-05,1,0,0,0
392,0,2120.0,0,,2010-02-01,,1,0,0,0
393,2,4820.0,0,,2008-03-01,,0,0,0,1
394,0,10850.0,0,,2010-02-01,,0,0,0,1
395,0,3620.0,0,,2013-02-01,,1,0,0,0
396,2,23130.0,0,,2010-02-01,,1,0,0,0
397,2,130.0,1,"Feb,May,Aug,Nov",2010-02-01,2013-07-08,1,0,0,0
398,2,1540.0,1,"Jan,Apr,Jul,Oct",2010-02-01,2012-01-02,0,0,1,0
399,0,5360.0,1,"Jan,Apr,Jul,Oct",2012-09-01,2011-10-03,1,0,0,0
400,0,70.0,1,"Jan,Apr,Jul,Oct",2004-11-01,2011-04-04,1,0,0,0
401,2,9200.0,1,"Jan,Apr,Jul,Oct",2009-10-01,2012-04-02,1,0,0,0
402,2,5830.0,1,"Jan,Apr,Jul,Oct",2011-09-01,2010-03-29,0,0,1,0
403,0,4970.0,0,,2015-07-01,,1,0,0,0
404,2,1420.0,1,"Mar,Jun,Sept,Dec",2010-02-01,2013-03-11,1,0,0,0
405,0,1080.0,1,"Jan,Apr,Jul,Oct",2008-04-01,2011-04-04,1,0,0,0
406,2,8240.0,1,"Feb,May,Aug,Nov",2001-03-01,2013-03-11,0,0,0,1
407,0,5890.0,1,"Feb,May,Aug,Nov",2003-10-01,2011-04-04,1,0,0,0
408,0,1560.0,1,"Feb,May,Aug,Nov",2010-02-01,2009-11-09,0,0,1,0
409,2,840.0,1,"Jan,Apr,Jul,Oct",2010-02-01,2013-01-07,0,0,0,1
410,0,40.0,1,"Mar,Jun,Sept,Dec",2011-11-01,2012-05-28,0,0,1,0
411,2,8460.0,0,,2010-02-01,,0,0,0,1
412,2,4460.0,1,"Jan,Apr,Jul,Oct",2010-02-01,2010-09-27,0,0,0,1
413,2,760.0,0,,2014-09-01,,1,0,0,0
414,2,6210.0,1,"Jan,Apr,Jul,Oct",2010-02-01,2013-01-07,0,0,0,1
415,2,6910.0,0,,2005-04-01,,0,0,0,1
416,2,4650.0,0,,2014-06-01,,1,0,0,0
417,2,840.0,1,"Jan,Apr,Jul,Oct",2010-02-01,2014-03-10,1,0,0,0
418,0,1060.0,1,"Feb,May,Aug,Nov",2009-05-01,2011-07-04,1,0,0,0
419,0,1620.0,0,,2009-09-01,,0,0,1,0
420,2,250.0,1,"Jan,Apr,Jul,Oct",2010-02-01,2012-07-02,0,0,0,1
421,2,3530.0,1,"Mar,Jun,Sept,Dec",2012-06-01,2012-08-27,0,0,1,0
422,2,2880.0,0,,2010-02-01,,1,0,0,0
423,0,1270.0,0,,2014-05-01,,0,1,0,0
424,2,1250.0,1,"Jan,Apr,Jul,Oct",2010-02-01,2011-10-03,0,0,0,1
425,2,1460.0,0,,2010-02-01,,0,0,0,1
426,0,250.0,0,,2010-02-01,,1,0,0,0
427,2,70.0,1,"Jan,Apr,Jul,Oct",2005-07-01,2010-03-29,1,0,0,0
428,0,2960.0,1,"Mar,Jun,Sept,Dec",2014-12-01,2015-06-08,0,0,0,1
429,2,16350.0,1,"Jan,Apr,Jul,Oct",2005-07-01,2013-08-05,0,0,0,1
430,2,12870.0,0,,2008-10-01,,0,0,0,1
431,2,4520.0,0,,2010-02-01,,0,0,0,1
432,0,810.0,0,,2013-05-01,,1,0,0,0
433,2,30030.0,0,,2010-11-01,,1,0,0,0
434,0,13020.0,1,"Jan,Apr,Jul,Oct",2003-08-01,2014-10-06,1,0,0,0
435,0,910.0,0,,2010-02-01,,1,0,0,0
436,0,2300.0,0,,2010-02-01,,0,0,0,1
437,2,430.0,1,"Jan,Apr,Jul,Oct",2010-02-01,2010-12-13,0,0,1,0
438,2,1110.0,1,"Jan,Apr,Jul,Oct",2010-02-01,2012-10-01,0,0,0,1
439,0,1350.0,0,,2009-09-01,,1,0,0,0
440,0,3900.0,1,"Feb,May,Aug,Nov",2005-04-01,2009-11-09,0,0,0,1
441,0,2530.0,0,,2010-02-01,,0,0,0,1
442,0,500.0,1,"Feb,May,Aug,Nov",2010-02-01,2009-11-09,0,0,1,0
443,0,11400.0,0,,2005-12-01,,0,0,0,1
444,0,1700.0,0,,2009-11-01,,0,0,1,0
445,0,240.0,0,,2010-02-01,,1,0,0,0
446,0,340.0,1,"Feb,May,Aug,Nov",2000-10-01,2013-08-05,1,0,0,0
447,2,1510.0,0,,2013-09-01,,1,0,0,0
448,2,3970.0,0,,2009-09-01,,1,0,0,0
449,2,120.0,1,"Jan,Apr,Jul,Oct",2014-12-01,2009-09-14,1,0,0,0
450,0,5780.0,1,"Mar,Jun,Sept,Dec",1994-11-01,2014-03-10,0,0,1,0
451,0,2460.0,1,"Jan,Apr,Jul,Oct",2009-04-01,2010-03-29,1,0,0,0
452,2,1850.0,1,"Feb,May,Aug,Nov",2013-08-01,2011-01-31,1,0,0,0
453,2,75860.0,0,,2010-02-01,,1,0,0,0
454,0,26450.0,0,,2010-02-01,,1,0,0,0
455,2,7660.0,0,,2010-09-01,,0,0,0,1
456,2,140.0,0,,2010-02-01,,1,0,0,0
457,2,13140.0,1,"Jan,Apr,Jul,Oct",2010-02-01,2013-08-05,0,0,0,1
458,0,3390.0,0,,2010-02-01,,0,0,1,0
459,0,250.0,1,"Feb,May,Aug,Nov",2008-09-01,2013-02-04,1,0,0,0
460,0,34050.0,0,,2008-04-01,,1,0,0,0
461,2,1790.0,1,"Jan,Apr,Jul,Oct",2013-07-01,2013-10-07,0,0,0,1
462,0,44320.0,0,,2008-08-01,,1,0,0,0
463,0,4160.0,0,,2010-02-01,,1,0,0,0
464,0,520.0,0,,2009-03-01,,0,0,1,0
465,2,10890.0,0,,2005-04-01,,0,0,0,1
466,2,3110.0,0,,2003-03-01,,1,0,0,0
467,2,20390.0,0,,2008-04-01,,1,0,0,0
468,2,5260.0,0,,2012-09-01,,0,0,1,0
469,2,710.0,0,,2005-09-01,,0,0,1,0
470,2,50.0,0,,2010-02-01,,1,0,0,0
471,0,5300.0,1,"Feb,May,Aug,Nov",2010-02-01,2009-11-09,0,0,0,1
472,2,5030.0,0,,2011-08-01,,0,0,1,0
473,0,50.0,0,,2010-02-01,,1,0,0,0
474,0,14810.0,1,"Mar,Jun,Sept,Dec",2010-02-01,2011-04-04,0,0,1,0
475,0,140.0,0,,2005-09-01,,1,0,0,0
476,0,8300.0,0,,2006-09-01,,0,0,0,1
477,0,770.0,1,"Jan,Apr,Jul,Oct",2010-07-01,2010-08-30,0,0,0,1
478,2,1940.0,0,,2012-03-01,,0,0,0,1
479,0,320.0,1,"Feb,May,Aug,Nov",2005-12-01,2011-02-28,1,0,0,0
480,0,300.0,0,,2012-11-01,,1,0,0,0
481,2,7470.0,1,"Feb,May,Aug,Nov",2010-02-01,2012-10-29,0,0,1,0
482,0,2550.0,0,,2005-10-01,,0,0,1,0
483,2,2310.0,1,"Jan,Apr,Jul,Oct",2011-09-01,2010-03-29,1,0,0,0
484,2,14300.0,0,,2011-03-01,,1,0,0,0
485,2,3270.0,1,"Jan,Apr,Jul,Oct",2010-02-01,2012-05-28,0,0,0,1
486,0,2320.0,1,"Jan,Apr,Jul,Oct",2010-02-01,2013-08-05,1,0,0,0
487,2,2180.0,1,"Jan,Apr,Jul,Oct",2012-09-01,2012-10-01,0,0,0,1
488,2,2890.0,0,,2014-04-01,,1,0,0,0
489,0,14960.0,1,"Jan,Apr,Jul,Oct",2013-11-01,2009-09-14,1,0,0,0
490,0,660.0,1,"Jan,Apr,Jul,Oct",2013-04-01,2014-10-06,1,0,0,0
491,2,4680.0,1,"Mar,Jun,Sept,Dec",2010-02-01,2012-05-28,0,0,0,1
492,0,1740.0,1,"Jan,Apr,Jul,Oct",2008-03-01,2012-10-01,1,0,0,0
493,2,1150.0,1,"Jan,Apr,Jul,Oct",2010-02-01,2011-04-04,0,0,0,1
494,0,1260.0,0,,2011-06-01,,0,1,0,0
495,0,5470.0,1,"Jan,Apr,Jul,Oct",2010-02-01,2009-09-14,0,0,0,1
496,2,2780.0,0,,2015-06-01,,0,0,0,1
497,2,1610.0,0,,2010-02-01,,1,0,0,0
498,0,990.0,1,"Jan,Apr,Jul,Oct",2010-02-01,2014-10-06,1,0,0,0
499,2,450.0,1,"Feb,May,Aug,Nov",2010-02-01,2013-02-04,0,0,1,0
500,2,10690.0,1,"Jan,Apr,Jul,Oct",2007-09-01,2013-02-04,0,0,0,1
501,2,1620.0,0,,2006-09-01,,1,0,0,0
502,0,220.0,1,"Jan,Apr,Jul,Oct",2002-02-01,2009-09-14,1,0,0,0
503,2,13080.0,1,"Jan,Apr,Jul,Oct",2006-09-01,2011-04-04,0,0,0,1
504,2,820.0,0,,2010-02-01,,0,0,1,0
505,0,350.0,1,"Feb,May,Aug,Nov",2010-02-01,2013-02-04,1,0,0,0
506,0,1850.0,1,"Feb,May,Aug,Nov",2014-12-01,2011-05-02,1,0,0,0
507,2,9070.0,1,"Jan,Apr,Jul,Oct",2011-04-01,2009-09-14,1,0,0,0
508,2,1280.0,1,"Jan,Apr,Jul,Oct",2010-02-01,2011-10-03,1,0,0,0
509,0,4740.0,1,"Jan,Apr,Jul,Oct",2008-07-01,2009-09-14,1,0,0,0
510,2,8260.0,0,,2010-02-01,,1,0,0,0
511,0,2060.0,0,,2009-09-01,,1,0,0,0
512,1,590.0,1,"Mar,Jun,Sept,Dec",2010-02-01,2013-02-04,0,1,0,0
513,0,400.0,0,,2013-08-01,,1,0,0,0
514,2,1200.0,1,"Jan,Apr,Jul,Oct",2012-07-01,2012-07-02,0,0,1,0
515,2,11260.0,1,"Feb,May,Aug,Nov",2010-02-01,2011-02-28,0,0,0,1
516,2,20.0,1,"Mar,Jun,Sept,Dec",2010-02-01,2010-08-30,1,0,0,0
517,2,22490.0,0,,2010-02-01,,1,0,0,0
518,2,3330.0,1,"Jan,Apr,Jul,Oct",2015-03-01,2010-03-29,0,0,0,1
519,2,2510.0,1,"Jan,Apr,Jul,Oct",2009-08-01,2012-01-02,0,0,1,0
520,2,6900.0,1,"Mar,Jun,Sept,Dec",2010-02-01,2012-10-01,1,0,0,0
521,0,18610.0,1,"Mar,Jun,Sept,Dec",2002-11-01,2011-11-28,0,0,0,1
522,2,7160.0,1,"Jan,Apr,Jul,Oct",2012-11-01,2011-02-28,0,0,0,1
523,2,50.0,0,,2013-11-01,,0,0,1,0
524,2,40860.0,0,,2013-09-01,,1,0,0,0
525,2,1870.0,0,,2013-09-01,,0,0,0,1
526,0,120.0,1,"Mar,Jun,Sept,Dec",2010-02-01,2011-11-28,1,0,0,0
527,2,5830.0,0,,2008-04-01,,0,0,0,1
528,2,20620.0,1,"Jan,Apr,Jul,Oct",2010-02-01,2009-09-14,1,0,0,0
529,2,12920.0,0,,2012-09-01,,0,0,0,1
530,2,18160.0,0,,2010-02-01,,1,0,0,0
531,2,4030.0,0,,2010-02-01,,1,0,0,0
532,2,1070.0,0,,2010-08-01,,1,0,0,0
533,2,5950.0,0,,2010-02-01,,1,0,0,0
534,0,1200.0,1,"Jan,Apr,Jul,Oct",2009-09-01,2009-11-09,0,0,0,1
535,0,3570.0,0,,2007-04-01,,1,0,0,0
536,2,4700.0,1,"Feb,May,Aug,Nov",2002-09-01,2013-08-05,1,0,0,0
537,0,600.0,1,"Jan,Apr,Jul,Oct",2002-05-01,2012-01-02,1,0,0,0
538,0,990.0,0,,2010-02-01,,1,0,0,0
539,0,770.0,1,"Jan,Apr,Jul,Oct",2013-05-01,2014-10-06,1,0,0,0
540,2,810.0,1,"Jan,Apr,Jul,Oct",2010-02-01,2012-11-26,0,0,0,1
541,2,650.0,0,,1990-07-01,,1,0,0,0
542,0,7280.0,1,"Jan,Apr,Jul,Oct",2012-09-01,2013-01-07,1,0,0,0
543,0,1080.0,0,,2012-12-01,,0,0,1,0
544,0,250.0,1,"Jan,Apr,Jul,Oct",2001-12-01,2010-03-29,1,0,0,0
545,2,5020.0,1,"Feb,May,Aug,Nov",2006-05-01,2014-05-05,1,0,0,0
546,0,580.0,0,,2005-01-01,,1,0,0,0
547,2,8990.0,1,"Mar,Jun,Sept,Dec",2009-11-01,2010-08-30,0,0,0,1
548,2,3760.0,0,,2009-02-01,,0,0,0,1
549,2,2330.0,0,,2010-02-01,,1,0,0,0
550,2,50.0,0,,2015-06-01,,0,0,0,1
551,2,2190.0,0,,2013-09-01,,1,0,0,0
552,0,4260.0,1,"Jan,Apr,Jul,Oct",2008-07-01,2009-09-14,1,0,0,0
553,0,3040.0,1,"Jan,Apr,Jul,Oct",2002-09-01,2010-03-29,0,0,1,0
554,2,1200.0,0,,2010-02-01,,0,0,1,0
555,0,1560.0,1,"Mar,Jun,Sept,Dec",2014-01-01,2013-03-11,0,0,0,1
556,2,1140.0,0,,2014-11-01,,0,0,0,1
557,0,250.0,0,,2010-02-01,,1,0,0,0
558,0,3000.0,0,,2010-02-01,,1,0,0,0
559,0,3910.0,1,"Feb,May,Aug,Nov",2006-11-01,2013-02-04,0,0,0,1
560,2,1910.0,0,,2013-07-01,,0,0,1,0
561,0,14300.0,0,,2010-02-01,,0,0,0,1
562,2,1210.0,0,,2010-02-01,,0,1,0,0
563,0,700.0,1,"Jan,Apr,Jul,Oct",2015-03-01,2014-03-10,1,0,0,0
564,2,6540.0,1,"Jan,Apr,Jul,Oct",2010-02-01,2013-04-08,0,0,0,1
565,2,160.0,0,,2007-07-01,,1,0,0,0
566,0,3620.0,1,"Jan,Apr,Jul,Oct",2010-02-01,2013-10-07,1,0,0,0
567,0,1010.0,1,"Feb,May,Aug,Nov",2012-09-01,2011-05-02,0,0,1,0
568,2,4270.0,1,"Jan,Apr,Jul,Oct",2010-02-01,2013-01-07,0,0,0,1
569,0,1340.0,0,,2006-09-01,,1,0,0,0
570,0,180.0,0,,2006-11-01,,1,0,0,0
571,0,2110.0,1,"Jan,Apr,Jul,Oct",1995-11-01,2014-10-06,0,0,0,1
572,2,9230.0,1,"Jan,Apr,Jul,Oct",2004-04-01,2009-09-14,0,0,0,1
573,0,1190.0,1,"Jan,Apr,Jul,Oct",2012-11-01,2013-09-09,1,0,0,0
574,0,4400.0,0,,2010-02-01,,0,0,0,1
575,0,960.0,1,"Jan,Apr,Jul,Oct",2008-05-01,2010-03-29,1,0,0,0
576,0,50.0,0,,2006-11-01,,0,0,1,0
577,2,2270.0,1,"Mar,Jun,Sept,Dec",2010-02-01,2012-08-27,1,0,0,0
578,0,12700.0,0,,2013-04-01,,0,0,0,1
579,0,20970.0,0,,2012-11-01,,0,0,1,0
580,2,170.0,0,,2009-02-01,,1,0,0,0
581,0,7250.0,0,,2013-12-01,,1,0,0,0
582,0,120.0,0,,2010-02-01,,1,0,0,0
583,0,2640.0,0,,2002-11-01,,1,0,0,0
584,0,1360.0,1,"Mar,Jun,Sept,Dec",2010-02-01,2010-08-30,0,0,0,1
585,2,440.0,0,,2014-04-01,,0,0,0,1
586,2,250.0,0,,2008-10-01,,1,0,0,0
587,2,330.0,1,"Jan,Apr,Jul,Oct",2006-09-01,2011-04-04,0,0,0,1
588,2,15720.0,0,,2010-03-01,,0,0,0,1
589,2,360.0,1,"Feb,May,Aug,Nov",2010-02-01,2013-05-06,1,0,0,0
590,2,4520.0,1,"Jan,Apr,Jul,Oct",2010-09-01,2013-08-05,0,0,0,1
591,2,3340.0,1,"Mar,Jun,Sept,Dec",2010-02-01,2012-05-28,1,0,0,0
592,0,2540.0,0,,2005-06-01,,1,0,0,0
593,2,33060.0,0,,2010-03-01,,1,0,0,0
594,0,1790.0,0,,2011-10-01,,1,0,0,0
595,2,1130.0,0,,2015-06-01,,0,0,1,0
596,0,290.0,0,,2006-09-01,,0,0,1,0
597,0,150.0,1,"Mar,Jun,Sept,Dec",2008-09-01,2012-01-02,1,0,0,0
598,0,550.0,1,"Jan,Apr,Jul,Oct",2013-12-01,2014-10-06,0,0,1,0
599,2,580.0,0,,2014-11-01,,0,0,0,1
600,2,17340.0,1,"Feb,May,Aug,Nov",2010-06-01,2011-02-28,0,0,0,1
601,0,8220.0,1,"Jan,Apr,Jul,Oct",2014-04-01,2011-04-04,0,0,0,1
602,0,2710.0,1,"Mar,Jun,Sept,Dec",2001-07-01,2012-05-28,1,0,0,0
603,0,340.0,1,"Jan,Apr,Jul,Oct",2007-04-01,2010-03-29,1,0,0,0
604,0,10950.0,0,,2014-03-01,,0,0,0,1
605,0,10310.0,1,"Jan,Apr,Jul,Oct",2003-04-01,2009-09-14,0,0,0,1
606,0,2260.0,0,,2007-11-01,,1,0,0,0
607,0,350.0,1,"Jan,Apr,Jul,Oct",1999-08-01,2011-04-04,1,0,0,0
608,2,18370.0,1,"Jan,Apr,Jul,Oct",2013-02-01,2011-04-04,1,0,0,0
609,0,2070.0,0,,2007-09-01,,1,0,0,0
610,0,660.0,0,,2007-01-01,,1,0,0,0
611,0,8080.0,1,"Jan,Apr,Jul,Oct",2002-12-01,2014-10-06,1,0,0,0
612,2,2490.0,1,"Jan,Apr,Jul,Oct",2012-11-01,2009-08-03,0,0,0,1
613,0,250.0,1,"Jan,Apr,Jul,Oct",2007-06-01,2011-04-04,0,0,1,0
614,0,1160.0,0,,2012-12-01,,1,0,0,0
615,0,730.0,0,,2007-08-01,,0,0,0,1
616,2,3040.0,1,"Mar,Jun,Sept,Dec",2011-08-01,2010-08-30,1,0,0,0
617,2,8940.0,1,"Jan,Apr,Jul,Oct",2010-02-01,2011-02-28,1,0,0,0
618,2,9910.0,0,,2010-02-01,,0,0,0,1
619,0,1600.0,1,"Feb,May,Aug,Nov",2006-06-01,2009-11-09,1,0,0,0
620,2,5440.0,1,"Jan,Apr,Jul,Oct",2010-02-01,2014-10-06,0,0,0,1
621,0,30.0,0,,2002-07-01,,1,0,0,0
622,2,2320.0,0,,2010-02-01,,1,0,0,0
623,0,4080.0,1,"Jan,Apr,Jul,Oct",2011-03-01,2010-03-29,1,0,0,0
624,2,6920.0,0,,2011-09-01,,1,0,0,0
625,0,1170.0,1,"Feb,May,Aug,Nov",2011-04-01,2012-05-28,1,0,0,0
626,2,10740.0,0,,2013-11-01,,0,0,1,0
627,2,3970.0,0,,2010-03-01,,0,0,1,0
628,2,2180.0,0,,2010-02-01,,1,0,0,0
629,0,510.0,1,"Mar,Jun,Sept,Dec",2014-07-01,2015-06-08,0,0,0,1
630,0,1690.0,0,,2015-04-01,,1,0,0,0
631,2,2870.0,1,"Mar,Jun,Sept,Dec",2010-02-01,2012-08-27,0,0,0,1
632,0,3350.0,0,,2010-02-01,,1,0,0,0
633,0,11640.0,1,"Jan,Apr,Jul,Oct",2005-04-01,2011-05-30,0,0,0,1
634,0,18610.0,0,,2010-02-01,,0,0,0,1
635,0,27530.0,0,,2014-04-01,,1,0,0,0
636,0,720.0,1,"Jan,Apr,Jul,Oct",2004-10-01,2010-03-29,0,0,1,0
637,2,9790.0,1,"Feb,May,Aug,Nov",2010-02-01,2009-08-03,0,0,0,1
638,0,10170.0,0,,2001-11-01,,0,0,0,1
639,0,7780.0,0,,2006-11-01,,1,0,0,0
640,2,8040.0,0,,2010-02-01,,0,0,0,1
641,2,610.0,1,"Mar,Jun,Sept,Dec",2003-12-01,2013-09-09,1,0,0,0
642,2,530.0,1,"Mar,Jun,Sept,Dec",2005-04-01,2010-08-30,0,0,1,0
643,0,230.0,1,"Feb,May,Aug,Nov",2010-06-01,2010-05-03,1,0,0,0
644,0,4030.0,1,"Jan,Apr,Jul,Oct",2004-12-01,2011-04-04,0,0,1,0
645,0,90.0,1,"Feb,May,Aug,Nov",2010-02-01,2009-11-09,1,0,0,0
646,0,620.0,0,,2014-09-01,,1,0,0,0
647,2,7420.0,0,,2013-04-01,,1,0,0,0
648,0,2130.0,0,,2008-12-01,,0,0,0,1
649,0,14570.0,0,,2002-11-01,,1,0,0,0
650,0,1420.0,1,"Jan,Apr,Jul,Oct",2012-10-01,2014-10-06,1,0,0,0
651,0,200.0,0,,2010-02-01,,1,0,0,0
652,0,20390.0,0,,2010-02-01,,1,0,0,0
653,2,7520.0,1,"Feb,May,Aug,Nov",2014-07-01,2009-11-09,0,0,0,1
654,0,6930.0,0,,2006-09-01,,0,0,1,0
655,2,960.0,1,"Feb,May,Aug,Nov",2012-11-01,2013-02-04,0,0,0,1
656,0,410.0,1,"Jan,Apr,Jul,Oct",2009-04-01,2010-03-29,0,0,0,1
657,2,80.0,1,"Jan,Apr,Jul,Oct",2006-01-01,2014-03-10,0,0,1,0
658,2,520.0,1,"Jan,Apr,Jul,Oct",2010-02-01,2009-09-14,0,0,0,1
659,0,1590.0,0,,2012-03-01,,0,0,0,1
660,0,1200.0,1,"Jan,Apr,Jul,Oct",2006-11-01,2014-10-06,1,0,0,0
661,2,2140.0,0,,2013-07-01,,0,0,0,1
662,0,1070.0,0,,2010-02-01,,0,0,0,1
663,2,7860.0,0,,2005-05-01,,1,0,0,0
664,2,1680.0,0,,2005-10-01,,0,0,0,1
665,0,90.0,1,"Jan,Apr,Jul,Oct",2012-12-01,2011-04-04,1,0,0,0
666,2,2700.0,1,"Mar,Jun,Sept,Dec",2010-02-01,2011-02-28,0,0,1,0
667,2,2870.0,0,,2012-09-01,,0,0,0,1
668,0,1270.0,0,,2010-09-01,,0,0,1,0
669,0,17080.0,1,"Jan,Apr,Jul,Oct",2012-07-01,2013-08-05,0,0,0,1
670,0,2060.0,1,"Feb,May,Aug,Nov",2010-02-01,2009-11-09,1,0,0,0
671,2,2070.0,1,"Jan,Apr,Jul,Oct",2008-02-01,2010-09-27,1,0,0,0
672,0,240.0,0,,2002-09-01,,0,0,1,0
673,2,15170.0,1,"Feb,May,Aug,Nov",2010-02-01,2013-02-04,0,0,0,1
674,0,2640.0,1,"Feb,May,Aug,Nov",2005-12-01,2013-08-05,1,0,0,0
675,0,2100.0,1,"Jan,Apr,Jul,Oct",2013-08-01,2011-04-04,1,0,0,0
676,1,1410.0,0,,2008-09-01,,0,1,0,0
677,0,1740.0,1,"Feb,May,Aug,Nov",2014-06-01,2009-11-09,0,0,0,1
678,0,3250.0,1,"Jan,Apr,Jul,Oct",2010-02-01,2011-10-03,0,0,1,0
679,0,4140.0,0,,2012-09-01,,1,0,0,0
680,0,170.0,1,"Mar,Jun,Sept,Dec",2010-02-01,2012-08-27,0,0,1,0
681,2,620.0,1,"Mar,Jun,Sept,Dec",2010-02-01,2014-01-06,1,0,0,0
682,0,150.0,0,,2006-09-01,,0,1,0,0
683,0,2850.0,0,,2014-07-01,,1,0,0,0
684,2,680.0,1,"Jan,Apr,Jul,Oct",2010-02-01,2012-05-28,0,0,0,1
685,0,650.0,1,"Jan,Apr,Jul,Oct",2013-11-01,2009-09-14,1,0,0,0
686,0,20050.0,0,,2002-04-01,,1,0,0,0
687,2,2770.0,0,,2010-02-01,,0,0,0,1
688,0,18760.0,1,"Jan,Apr,Jul,Oct",2015-08-01,2011-04-04,1,0,0,0
689,0,15040.0,0,,2004-10-01,,0,0,0,1
690,0,100.0,0,,2010-02-01,,1,0,0,0
691,2,3030.0,1,"Jan,Apr,Jul,Oct",2010-02-01,2009-09-14,0,0,0,1
692,0,40.0,0,,2001-08-01,,1,0,0,0
693,0,450.0,1,"Jan,Apr,Jul,Oct",2010-02-01,2011-10-03,0,0,0,1
694,2,460.0,1,"Jan,Apr,Jul,Oct",2012-11-01,2014-10-06,1,0,0,0
695,0,550.0,1,"Jan,Apr,Jul,Oct",2011-07-01,2012-01-02,1,0,0,0
696,2,430.0,0,,2010-02-01,,1,0,0,0
697,0,3780.0,1,"Jan,Apr,Jul,Oct",2010-02-01,2011-10-03,0,0,0,1
698,0,1790.0,0,,2011-05-01,,1,0,0,0
699,0,180.0,1,"Jan,Apr,Jul,Oct",2010-02-01,2013-02-04,1,0,0,0
700,2,830.0,1,"Jan,Apr,Jul,Oct",2010-02-01,2013-07-08,1,0,0,0
701,0,1450.0,1,"Jan,Apr,Jul,Oct",2012-03-01,2011-04-04,0,0,0,1
702,0,8550.0,1,"Feb,May,Aug,Nov",2001-09-01,2009-11-09,1,0,0,0
703,0,80.0,0,,2005-06-01,,1,0,0,0
704,2,1910.0,0,,2009-04-01,,0,0,0,1
705,0,4140.0,1,"Feb,May,Aug,Nov",2012-09-01,2011-05-02,1,0,0,0
706,0,7830.0,1,"Mar,Jun,Sept,Dec",2014-09-01,2014-03-10,0,0,0,1
707,2,2900.0,0,,1990-07-01,,1,0,0,0
708,2,11470.0,1,"Jan,Apr,Jul,Oct",2009-10-01,2014-05-05,0,0,1,0
709,0,500.0,0,,2010-12-01,,1,0,0,0
710,0,1500.0,1,"Jan,Apr,Jul,Oct",2008-09-01,2011-04-04,0,0,0,1
711,0,17110.0,1,"Jan,Apr,Jul,Oct",2007-03-01,2010-02-01,0,0,0,1
712,0,4870.0,1,"Jan,Apr,Jul,Oct",2007-09-01,2009-11-09,1,0,0,0
713,2,220.0,1,"Jan,Apr,Jul,Oct",2010-02-01,2014-03-10,1,0,0,0
714,2,12070.0,1,"Jan,Apr,Jul,Oct",2005-10-01,2013-03-11,0,0,0,1
715,0,14810.0,0,,2014-06-01,,1,0,0,0
716,0,3200.0,1,"Jan,Apr,Jul,Oct",2008-01-01,2011-05-30,0,0,0,1
717,2,310.0,1,"Jan,Apr,Jul,Oct",2010-02-01,2011-10-03,0,0,0,1
718,0,1100.0,0,,2015-06-01,,1,0,0,0
719,2,8190.0,1,"Feb,May,Aug,Nov",2010-02-01,2009-11-09,0,0,1,0
720,2,15320.0,1,"Feb,May,Aug,Nov",2011-03-01,2013-04-08,1,0,0,0
721,2,3590.0,1,"Mar,Jun,Sept,Dec",2012-09-01,2012-05-28,1,0,0,0
722,0,50.0,0,,2010-02-01,,1,0,0,0
723,2,5650.0,1,"Feb,May,Aug,Nov",2008-09-01,2013-02-04,0,0,0,1
724,2,5900.0,0,,2010-02-01,,0,0,0,1
725,2,17540.0,0,,2012-06-01,,0,0,0,1
726,2,40540.0,0,,2002-02-01,,1,0,0,0
727,0,2050.0,0,,2007-03-01,,1,0,0,0
728,0,13990.0,1,"Jan,Apr,Jul,Oct",2010-02-01,2011-04-04,0,0,0,1
729,2,8980.0,0,,2011-06-01,,0,0,1,0
730,0,1190.0,0,,2013-09-01,,0,0,1,0
731,0,15270.0,1,"Jan,Apr,Jul,Oct",2010-02-01,2014-03-10,1,0,0,0
732,2,35280.0,0,,2010-02-01,,1,0,0,0
733,1,860.0,0,,1999-10-01,,0,1,0,0
734,0,220.0,1,"Mar,Jun,Sept,Dec",2010-02-01,2013-09-09,1,0,0,0
735,2,1920.0,0,,2005-04-01,,0,0,0,1
736,2,1650.0,1,"Jan,Apr,Jul,Oct",2010-02-01,2011-04-04,0,0,1,0
737,0,100.0,1,"Jan,Apr,Jul,Oct",2007-05-01,2013-08-05,1,0,0,0
738,2,5980.0,0,,2005-10-01,,0,0,0,1
739,2,2770.0,1,"Jan,Apr,Jul,Oct",2008-06-01,2011-05-30,0,0,0,1
740,0,6400.0,0,,2014-03-01,,0,0,0,1
741,2,11900.0,0,,2010-02-01,,0,0,0,1
742,2,4380.0,0,,2010-02-01,,0,0,0,1
743,0,6710.0,1,"Jan,Apr,Jul,Oct",2003-11-01,2012-04-02,1,0,0,0
744,0,1370.0,1,"Jan,Apr,Jul,Oct",2011-12-01,2014-10-06,1,0,0,0
745,0,17650.0,1,"Jan,Apr,Jul,Oct",2013-11-01,2009-09-14,1,0,0,0
746,2,4330.0,1,"Mar,Jun,Sept,Dec",2011-02-01,2011-08-29,0,0,0,1
747,2,45740.0,0,,2008-08-01,,0,0,1,0
748,0,2380.0,1,"Jan,Apr,Jul,Oct",2010-03-01,2011-04-04,0,0,0,1
749,0,3410.0,1,"Jan,Apr,Jul,Oct",2011-08-01,2015-04-06,1,0,0,0
750,0,8670.0,1,"Jan,Apr,Jul,Oct",2002-02-01,2011-04-04,0,0,0,1
751,0,650.0,0,,2006-10-01,,1,0,0,0
752,0,970.0,1,"Feb,May,Aug,Nov",2013-03-01,2013-08-05,1,0,0,0
753,2,540.0,1,"Mar,Jun,Sept,Dec",2012-11-01,2010-08-30,0,0,0,1
754,2,380.0,1,"Mar,Jun,Sept,Dec",2008-05-01,2014-03-10,0,0,1,0
755,2,13130.0,0,,2003-12-01,,0,0,0,1
756,2,50.0,1,"Jan,Apr,Jul,Oct",2010-02-01,2011-10-03,1,0,0,0
757,2,3450.0,0,,2010-02-01,,1,0,0,0
758,2,19780.0,0,,2008-06-01,,1,0,0,0
759,0,110.0,1,"Feb,May,Aug,Nov",2012-11-01,2013-08-05,1,0,0,0
760,0,560.0,0,,2011-01-01,,1,0,0,0
761,0,2390.0,0,,2012-09-01,,1,0,0,0
762,2,1280.0,1,"Mar,Jun,Sept,Dec",2010-02-01,2013-03-11,0,0,0,1
763,2,32240.0,0,,2010-03-01,,0,0,0,1
764,2,26490.0,1,"Mar,Jun,Sept,Dec",2010-02-01,2014-03-10,1,0,0,0
765,2,25430.0,1,"Jan,Apr,Jul,Oct",1999-05-01,2009-09-14,1,0,0,0
766,2,9820.0,0,,2010-02-01,,0,0,0,1
767,2,13080.0,0,,2010-02-01,,1,0,0,0
768,2,2630.0,0,,2012-09-01,,1,0,0,0
769,1,840.0,1,"Jan,Apr,Jul,Oct",2010-02-01,2012-11-26,0,1,0,0
770,2,100.0,0,,2015-04-01,,1,0,0,0
771,0,20640.0,0,,2007-09-01,,1,0,0,0
772,2,1850.0,0,,2010-02-01,,0,0,0,1
773,0,200.0,0,,2010-02-01,,1,0,0,0
774,2,640.0,0,,2013-09-01,,1,0,0,0
775,2,6970.0,1,"Jan,Apr,Jul,Oct",2005-12-01,2011-05-30,0,0,0,1
776,0,700.0,1,"Jan,Apr,Jul,Oct",2009-04-01,2011-04-04,0,0,1,0
777,2,8250.0,1,"Mar,Jun,Sept,Dec",2004-10-01,2013-03-11,0,0,0,1
778,0,340.0,1,"Jan,Apr,Jul,Oct",2003-06-01,2014-10-06,1,0,0,0
779,0,16990.0,0,,2004-04-01,,1,0,0,0
780,0,18160.0,0,,2010-02-01,,1,0,0,0
781,0,630.0,0,,2007-04-01,,1,0,0,0
782,2,5390.0,1,"Jan,Apr,Jul,Oct",2003-08-01,2012-01-02,0,0,1,0
783,2,15490.0,0,,2010-02-01,,0,0,0,1
784,0,560.0,1,"Jan,Apr,Jul,Oct",2014-10-01,2014-03-10,1,0,0,0
785,2,970.0,1,"Feb,May,Aug,Nov",2005-07-01,2013-08-05,0,0,0,1
786,0,290.0,1,"Feb,May,Aug,Nov",2006-11-01,2013-02-04,1,0,0,0
787,2,3210.0,0,,2009-06-01,,0,0,1,0
788,2,1530.0,0,,2013-03-01,,1,0,0,0
789,2,9770.0,0,,2003-07-01,,1,0,0,0
790,2,9070.0,0,,2003-12-01,,0,0,0,1
791,0,5950.0,0,,2007-04-01,,1,0,0,0
792,0,17280.0,1,"Feb,May,Aug,Nov",2009-10-01,2011-05-02,0,0,0,1
793,0,2710.0,0,,2006-07-01,,0,0,0,1
794,2,5090.0,0,,2006-09-01,,0,0,1,0
795,0,510.0,1,"Mar,Jun,Sept,Dec",2010-02-01,2010-08-30,0,0,0,1
796,2,7180.0,0,,2012-11-01,,1,0,0,0
797,0,2090.0,1,"Jan,Apr,Jul,Oct",2012-10-01,2014-10-06,1,0,0,0
798,0,9560.0,0,,2001-04-01,,1,0,0,0
799,2,2700.0,0,,2010-02-01,,1,0,0,0
800,0,2020.0,0,,2014-07-01,,0,0,0,1
801,0,48330.0,0,,2013-04-01,,0,0,0,1
802,2,910.0,1,"Feb,May,Aug,Nov",2010-02-01,2011-05-30,1,0,0,0
803,0,1760.0,1,"Mar,Jun,Sept,Dec",2010-02-01,2014-03-10,0,0,0,1
804,2,2100.0,1,"Jan,Apr,Jul,Oct",2010-02-01,2013-01-07,0,0,1,0
805,0,24770.0,1,"Mar,Jun,Sept,Dec",2011-10-01,2014-03-10,0,0,0,1
806,0,260.0,1,"Feb,May,Aug,Nov",2010-02-01,2010-11-01,0,0,0,1
807,0,3870.0,0,,2008-04-01,,1,0,0,0
808,0,18620.0,1,"Feb,May,Aug,Nov",2010-02-01,2009-08-03,1,0,0,0
809,0,12770.0,0,,2000-10-01,,1,0,0,0
810,2,9640.0,0,,2013-11-01,,0,0,0,1
811,0,410.0,0,,2012-09-01,,1,0,0,0
812,0,2590.0,0,,2012-09-01,,0,0,0,1
813,0,1560.0,0,,2003-09-01,,1,0,0,0
814,2,24530.0,0,,2013-07-01,,0,0,0,1
815,0,590.0,1,"Jan,Apr,Jul,Oct",1900-01-01,2014-10-06,1,0,0,0
816,2,460.0,0,,2010-02-01,,0,0,1,0
817,0,140.0,0,,2006-03-01,,1,0,0,0
818,0,490.0,1,"Mar,Jun,Sept,Dec",2010-02-01,2010-08-30,0,0,0,1
819,2,720.0,0,,2014-10-01,,1,0,0,0
820,2,1650.0,1,"Jan,Apr,Jul,Oct",2010-02-01,2014-10-06,1,0,0,0
821,0,1700.0,0,,2009-09-01,,1,0,0,0
822,2,410.0,1,"Mar,Jun,Sept,Dec",2010-11-01,2010-11-29,1,0,0,0
823,2,16210.0,0,,2010-11-01,,1,0,0,0
824,0,17570.0,0,,2010-02-01,,1,0,0,0
825,0,380.0,1,"Jan,Apr,Jul,Oct",2011-05-01,2014-10-06,1,0,0,0
826,2,7980.0,0,,2005-06-01,,1,0,0,0
827,2,250.0,0,,2005-01-01,,1,0,0,0
828,2,3290.0,0,,2014-12-01,,0,0,0,1
829,0,110.0,0,,2010-02-01,,0,0,1,0
830,2,6320.0,1,"Jan,Apr,Jul,Oct",2010-02-01,2011-01-31,1,0,0,0
831,0,800.0,0,,2007-06-01,,1,0,0,0
832,0,5070.0,1,"Feb,May,Aug,Nov",2010-02-01,2009-11-09,0,0,0,1
833,2,3290.0,1,"Mar,Jun,Sept,Dec",1999-12-01,2010-08-30,0,0,0,1
834,0,3470.0,0,,2012-03-01,,1,0,0,0
835,0,2890.0,1,"Mar,Jun,Sept,Dec",2007-12-01,2014-03-10,1,0,0,0
836,0,2720.0,0,,2012-09-01,,1,0,0,0
837,2,14600.0,0,,2015-04-01,,1,0,0,0
838,2,6890.0,1,"Mar,Jun,Sept,Dec",2010-02-01,2011-11-28,0,0,0,1
839,0,240.0,0,,2015-01-01,,0,0,1,0
840,0,1070.0,0,,2009-09-01,,1,0,0,0
841,0,27650.0,0,,2004-08-01,,1,0,0,0
842,2,1200.0,0,,2007-11-01,,0,0,0,1
843,0,60.0,0,,2006-04-01,,0,0,1,0
844,0,2030.0,1,"Feb,May,Aug,Nov",2012-09-01,2011-05-02,1,0,0,0
845,0,7860.0,1,"Jan,Apr,Jul,Oct",2005-11-01,2011-04-04,0,0,0,1
846,2,8860.0,1,"Jan,Apr,Jul,Oct",2004-04-01,2009-09-14,1,0,0,0
847,2,190.0,1,"Feb,May,Aug,Nov",2010-02-01,2013-08-05,0,0,1,0
848,2,370.0,1,"Jan,Apr,Jul,Oct",2007-07-01,2011-04-04,1,0,0,0
849,2,5000.0,0,,2010-02-01,,0,0,1,0
850,0,1120.0,1,"Jan,Apr,Jul,Oct",2007-05-01,2013-08-05,0,0,0,1
851,2,2330.0,1,"Mar,Jun,Sept,Dec",2010-02-01,2014-12-08,0,0,0,1
852,0,940.0,1,"Jan,Apr,Jul,Oct",2004-04-01,2011-04-04,0,0,1,0
853,0,14040.0,0,,2010-02-01,,1,0,0,0
854,0,4770.0,1,"Jan,Apr,Jul,Oct",2010-02-01,2010-03-29,0,0,1,0
855,0,3440.0,1,"Feb,May,Aug,Nov",2010-02-01,2009-11-09,1,0,0,0
856,0,3020.0,0,,2010-02-01,,1,0,0,0
857,0,6270.0,1,"Mar,Jun,Sept,Dec",2005-08-01,2014-06-09,0,0,1,0
858,0,3370.0,1,"Jan,Apr,Jul,Oct",2008-12-01,2014-10-06,1,0,0,0
859,0,21770.0,0,,2015-07-01,,0,0,1,0
860,2,5980.0,0,,2010-02-01,,0,0,1,0
861,2,740.0,1,"Mar,Jun,Sept,Dec",2010-02-01,2013-04-08,0,0,1,0
862,2,2840.0,1,"Jan,Apr,Jul,Oct",2010-03-01,2011-04-04,1,0,0,0
863,2,21370.0,0,,2010-11-01,,1,0,0,0
864,0,1020.0,1,"Feb,May,Aug,Nov",2012-10-01,2009-11-09,1,0,0,0
865,2,2640.0,0,,2010-02-01,,0,0,0,1
866,0,9680.0,1,"Feb,May,Aug,Nov",2010-02-01,2013-02-04,0,0,0,1
867,2,21810.0,0,,2012-09-01,,0,0,0,1
868,2,1360.0,1,"Jan,Apr,Jul,Oct",2005-08-01,2014-03-10,0,0,0,1
869,0,230.0,1,"Jan,Apr,Jul,Oct",2001-10-01,2011-04-04,0,0,1,0
870,0,780.0,0,,2009-04-01,,1,0,0,0
871,2,10620.0,0,,2010-02-01,,0,0,0,1
872,2,3860.0,1,"Mar,Jun,Sept,Dec",2014-09-01,2015-06-08,1,0,0,0
873,0,2040.0,0,,2008-11-01,,1,0,0,0
874,0,3210.0,0,,2010-02-01,,1,0,0,0
875,0,5070.0,1,"Feb,May,Aug,Nov",2007-11-01,2015-05-04,0,0,0,1
876,0,21790.0,1,"Feb,May,Aug,Nov",2005-04-01,2015-05-04,1,0,0,0
877,2,29190.0,0,,2010-02-01,,1,0,0,0
878,2,1100.0,0,,2014-12-01,,0,0,0,1
879,0,4385.0,1,"Feb,May,Aug,Nov",2010-02-01,2013-02-04,0,0,0,1
880,2,4570.0,0,,2010-02-01,,1,0,0,0
881,0,180.0,1,"Feb,May,Aug,Nov",2008-03-01,2013-08-05,1,0,0,0
882,0,30.0,0,,2013-04-01,,1,0,0,0
883,0,3200.0,0,,2005-06-01,,1,0,0,0
884,2,7550.0,0,,2010-02-01,,0,0,0,1
885,0,480.0,0,,2005-12-01,,1,0,0,0
886,2,12430.0,0,,2004-10-01,,1,0,0,0
887,0,19700.0,1,"Jan,Apr,Jul,Oct",2010-02-01,2009-09-14,0,0,0,1
888,0,4450.0,1,"Mar,Jun,Sept,Dec",2012-06-01,2012-08-27,0,0,0,1
889,0,18670.0,0,,2005-12-01,,0,0,0,1
890,0,4450.0,1,"Jan,Apr,Jul,Oct",2010-02-01,2011-04-04,1,0,0,0
891,2,350.0,1,"Feb,May,Aug,Nov",2010-02-01,2013-08-05,1,0,0,0
892,0,19370.0,0,,2002-04-01,,1,0,0,0
893,0,130.0,1,"Jan,Apr,Jul,Oct",2010-02-01,2013-01-07,1,0,0,0
894,0,190.0,0,,2012-11-01,,1,0,0,0
895,2,4150.0,0,,2010-02-01,,1,0,0,0
896,2,170.0,0,,2012-09-01,,1,0,0,0
897,2,3290.0,1,"Feb,May,Aug,Nov",2007-01-01,2013-02-04,0,0,1,0
898,0,18540.0,0,,2010-02-01,,1,0,0,0
899,0,2590.0,1,"Jan,Apr,Jul,Oct",2010-02-01,2010-03-29,0,0,0,1
900,0,3920.0,1,"Jan,Apr,Jul,Oct",2005-04-01,2014-10-06,1,0,0,0
901,2,3170.0,0,,2014-04-01,,1,0,0,0
902,0,310.0,1,"Jan,Apr,Jul,Oct",2015-05-01,2014-10-06,1,0,0,0
903,2,7290.0,0,,2014-09-01,,0,0,0,1
904,2,570.0,1,"Jan,Apr,Jul,Oct",2013-07-01,2011-04-04,0,0,0,1
905,0,90.0,0,,2014-06-01,,1,0,0,0
906,0,90.0,0,,2010-07-01,,1,0,0,0
907,2,250.0,0,,2010-02-01,,1,0,0,0
908,0,1980.0,1,"Jan,Apr,Jul,Oct",2010-07-01,2009-09-14,1,0,0,0
909,2,1680.0,1,"Feb,May,Aug,Nov",2010-02-01,2009-11-09,1,0,0,0
910,2,12480.0,1,"Jan,Apr,Jul,Oct",2010-02-01,2013-01-07,0,0,0,1
911,2,16490.0,0,,2010-02-01,,1,0,0,0
912,2,3100.0,0,,2010-05-01,,0,0,1,0
913,0,280.0,0,,2010-02-01,,1,0,0,0
914,2,2640.0,1,"Mar,Jun,Sept,Dec",2011-04-01,2012-05-28,0,0,1,0
915,2,650.0,1,"Jan,Apr,Jul,Oct",2013-03-01,2014-10-06,0,0,0,1
916,0,90.0,0,,2012-11-01,,1,0,0,0
917,0,7240.0,0,,2010-02-01,,1,0,0,0
918,2,18710.0,0,,2015-04-01,,1,0,0,0
919,0,2620.0,1,"Feb,May,Aug,Nov",2010-02-01,2009-11-09,1,0,0,0
920,0,850.0,1,"Jan,Apr,Jul,Oct",2012-02-01,2014-10-06,1,0,0,0
921,0,840.0,0,,2006-09-01,,1,0,0,0
922,0,2110.0,0,,2006-03-01,,0,0,0,1
923,0,280.0,0,,2008-09-01,,1,0,0,0
924,0,6420.0,1,"Jan,Apr,Jul,Oct",2011-04-01,2012-01-02,1,0,0,0
925,0,470.0,1,"Jan,Apr,Jul,Oct",2007-03-01,2012-01-02,0,0,1,0
926,2,5150.0,1,"Jan,Apr,Jul,Oct",2011-03-01,2010-03-29,0,0,0,1
927,0,480.0,0,,2010-02-01,,1,0,0,0
928,2,1090.0,1,"Feb,May,Aug,Nov",2010-02-01,2013-08-05,0,0,0,1
929,2,4820.0,0,,2013-09-01,,1,0,0,0
930,0,70.0,0,,2010-02-01,,1,0,0,0
931,2,1480.0,1,"Jan,Apr,Jul,Oct",2011-09-01,2012-01-02,1,0,0,0
932,0,15700.0,1,"Jan,Apr,Jul,Oct",2010-02-01,2010-03-29,1,0,0,0
933,2,6270.0,0,,2005-02-01,,1,0,0,0
934,2,5460.0,1,"Jan,Apr,Jul,Oct",2010-02-01,2011-04-04,1,0,0,0
935,2,22350.0,0,,2010-06-01,,1,0,0,0
936,0,580.0,0,,2008-02-01,,1,0,0,0
937,0,2810.0,1,"Jan,Apr,Jul,Oct",2010-02-01,2014-03-10,0,0,0,1
938,0,2820.0,0,,2009-09-01,,1,0,0,0
939,0,1340.0,0,,2010-02-01,,0,0,0,1
940,2,6470.0,0,,2012-09-01,,0,0,0,1
941,0,1200.0,1,"Jan,Apr,Jul,Oct",2011-12-01,2013-08-05,1,0,0,0
942,2,6860.0,1,"Jan,Apr,Jul,Oct",2010-02-01,2011-05-02,0,0,0,1
943,2,18020.0,0,,2010-02-01,,0,0,0,1
944,0,1670.0,0,,2015-07-01,,0,0,1,0
945,2,12480.0,0,,2011-03-01,,1,0,0,0
946,0,2220.0,1,"Jan,Apr,Jul,Oct",2011-12-01,2015-04-06,1,0,0,0
947,0,460.0,1,"Jan,Apr,Jul,Oct",2014-03-01,2010-03-29,1,0,0,0
948,1,1430.0,0,,2010-02-01,,0,1,0,0
949,0,870.0,0,,2006-03-01,,1,0,0,0
950,0,8460.0,0,,1994-11-01,,1,0,0,0
951,2,710.0,1,"Jan,Apr,Jul,Oct",2010-02-01,2011-10-03,0,0,0,1
952,2,6300.0,0,,2013-10-01,,0,0,0,1
953,0,19830.0,1,"Mar,Jun,Sept,Dec",2006-04-01,2011-05-30,1,0,0,0
954,0,390.0,1,"Jan,Apr,Jul,Oct",2013-02-01,2014-03-10,1,0,0,0
955,2,1690.0,1,"Mar,Jun,Sept,Dec",2009-07-01,2013-09-09,0,0,0,1
956,0,2330.0,1,"Feb,May,Aug,Nov",2014-10-01,2011-05-02,1,0,0,0
957,2,1420.0,0,,2012-11-01,,0,0,0,1
958,0,440.0,0,,2013-11-01,,1,0,0,0
959,2,1060.0,0,,2005-12-01,,1,0,0,0
960,0,8990.0,1,"Feb,May,Aug,Nov",2010-02-01,2009-08-03,0,0,0,1
961,2,9430.0,0,,2010-02-01,,0,0,0,1
962,0,260.0,0,,2010-02-01,,0,0,1,0
963,2,23620.0,0,,2013-11-01,,1,0,0,0
964,0,270.0,1,"Feb,May,Aug,Nov",2010-02-01,2013-02-04,1,0,0,0
965,2,110.0,0,,2010-02-01,,1,0,0,0
966,0,760.0,0,,2008-02-01,,1,0,0,0
967,2,3560.0,1,"Jan,Apr,Jul,Oct",2013-09-01,2013-09-09,1,0,0,0
968,0,1190.0,0,,2010-02-01,,0,0,1,0
969,2,600.0,1,"Jan,Apr,Jul,Oct",1999-11-01,2013-03-11,1,0,0,0
970,0,910.0,1,"Jan,Apr,Jul,Oct",2014-12-01,2009-09-14,1,0,0,0
971,0,1140.0,1,"Mar,Jun,Sept,Dec",2011-05-01,2012-04-02,0,0,1,0
972,0,14960.0,0,,2010-02-01,,1,0,0,0
973,2,330.0,1,"Jan,Apr,Jul,Oct",2010-02-01,2012-07-09,0,0,0,1
974,0,150.0,1,"Jan,Apr,Jul,Oct",2011-03-01,2014-10-06,1,0,0,0
975,2,9630.0,1,"Jan,Apr,Jul,Oct",2010-02-01,2011-04-04,1,0,0,0
976,0,4180.0,0,,2010-02-01,,1,0,0,0
977,0,520.0,1,"Jan,Apr,Jul,Oct",2005-09-01,2010-03-29,1,0,0,0
978,2,3890.0,0,,2010-02-01,,0,0,1,0
979,2,2270.0,1,"Jan,Apr,Jul,Oct",2005-11-01,2011-04-04,1,0,0,0
980,0,4420.0,0,,2005-09-01,,1,0,0,0
981,2,2620.0,0,,2002-11-01,,0,0,0,1
982,0,21930.0,0,,2010-02-01,,0,0,0,1
983,0,40.0,1,"Jan,Apr,Jul,Oct",2014-03-01,2014-01-06,1,0,0,0
984,0,440.0,1,"Jan,Apr,Jul,Oct",2010-02-01,2013-01-07,0,0,1,0
985,2,490.0,1,"Jan,Apr,Jul,Oct",2007-05-01,2010-03-29,0,0,1,0
986,0,620.0,1,"Feb,May,Aug,Nov",2014-10-01,2014-05-05,1,0,0,0
987,0,1690.0,0,,2007-06-01,,0,0,1,0
988,0,30.0,0,,2012-11-01,,1,0,0,0
989,0,1640.0,1,"Jan,Apr,Jul,Oct",2006-06-01,2011-10-03,1,0,0,0
990,0,20930.0,0,,2010-02-01,,0,0,0,1
991,0,1010.0,0,,2010-02-01,,1,0,0,0
992,0,2480.0,0,,1990-07-01,,1,0,0,0
993,2,3460.0,1,"Jan,Apr,Jul,Oct",2013-10-01,2014-03-10,0,0,0,1
994,0,2290.0,1,"Jan,Apr,Jul,Oct",2011-07-01,2012-01-02,1,0,0,0
995,0,6560.0,0,,2013-12-01,,0,0,0,1
996,0,2870.0,1,"Jan,Apr,Jul,Oct",2015-07-01,2010-03-29,0,0,1,0
997,2,5840.0,1,"Jan,Apr,Jul,Oct",2010-07-01,2009-09-14,0,0,0,1
998,0,780.0,1,"Feb,May,Aug,Nov",2005-09-01,2013-02-04,1,0,0,0
999,2,15140.0,1,"Jan,Apr,Jul,Oct",2002-02-01,2009-09-14,0,0,0,1
1000,2,2230.0,1,"Jan,Apr,Jul,Oct",2009-05-01,2014-10-06,1,0,0,0
1001,0,19640.0,1,"Jan,Apr,Jul,Oct",2010-02-01,2011-04-04,0,0,1,0
1002,2,1130.0,0,,2008-11-01,,0,0,0,1
1003,0,170.0,1,"Jan,Apr,Jul,Oct",2013-07-01,2013-07-08,1,0,0,0
1004,2,970.0,1,"Mar,Jun,Sept,Dec",2010-02-01,2011-02-28,0,0,0,1
1005,0,6480.0,0,,2010-02-01,,1,0,0,0
1006,2,3890.0,1,"Feb,May,Aug,Nov",2006-11-01,2013-02-04,0,0,1,0
1007,2,4180.0,0,,2012-09-01,,0,0,1,0
1008,2,30.0,0,,2010-09-01,,1,0,0,0
1009,0,230.0,1,"Jan,Apr,Jul,Oct",2004-07-01,2014-03-10,1,0,0,0
1010,2,4610.0,1,"Feb,May,Aug,Nov",2010-06-01,2010-05-03,0,0,0,1
1011,2,490.0,1,"Feb,May,Aug,Nov",2012-09-01,2011-05-02,1,0,0,0
1012,2,6330.0,1,"Jan,Apr,Jul,Oct",2004-06-01,2010-09-27,0,0,0,1
1013,0,630.0,1,"Feb,May,Aug,Nov",2015-02-01,2013-08-05,1,0,0,0
1014,2,210.0,1,"Jan,Apr,Jul,Oct",2010-02-01,2013-08-05,1,0,0,0
1015,2,9910.0,1,"Mar,Jun,Sept,Dec",2010-12-01,2011-02-28,0,0,0,1
1016,2,550.0,1,"Mar,Jun,Sept,Dec",2010-02-01,2010-08-30,0,0,1,0
1017,0,110.0,0,,2008-11-01,,0,0,1,0
1018,2,140.0,0,,2012-09-01,,0,0,1,0
1019,2,2740.0,1,"Jan,Apr,Jul,Oct",2014-07-01,2010-03-29,0,0,0,1
1020,0,40.0,0,,2015-08-01,,1,0,0,0
1021,0,1080.0,0,,2011-05-01,,1,0,0,0
1022,2,1520.0,0,,2010-02-01,,1,0,0,0
1023,0,3740.0,1,"Jan,Apr,Jul,Oct",2002-02-01,2011-04-04,0,0,1,0
1024,2,1990.0,0,,2012-01-01,,0,0,1,0
1025,0,720.0,0,,2009-11-01,,1,0,0,0
1026,0,450.0,1,"Mar,Jun,Sept,Dec",2011-06-01,2012-11-26,0,0,1,0
1027,2,190.0,1,"Jan,Apr,Jul,Oct",2008-06-01,2011-10-03,1,0,0,0
1028,0,150.0,1,"Jan,Apr,Jul,Oct",2010-02-01,2013-08-05,1,0,0,0
1029,0,1590.0,0,,2006-03-01,,1,0,0,0
1030,0,36410.0,0,,2008-04-01,,1,0,0,0
1031,0,590.0,0,,2001-05-01,,0,0,0,1
1032,2,270.0,1,"Jan,Apr,Jul,Oct",2013-02-01,2012-10-01,0,0,0,1
1033,0,7680.0,0,,2006-03-01,,1,0,0,0
1034,0,13750.0,0,,2015-04-01,,1,0,0,0
1035,0,27150.0,0,,2010-02-01,,1,0,0,0
1036,2,9560.0,1,"Jan,Apr,Jul,Oct",2010-02-01,2013-09-09,0,0,0,1
1037,2,150.0,0,,2010-02-01,,1,0,0,0
1038,0,17290.0,0,,2013-10-01,,0,0,0,1
1039,2,70.0,1,"Mar,Jun,Sept,Dec",1990-06-01,2012-05-28,1,0,0,0
1040,0,4030.0,1,"Jan,Apr,Jul,Oct",2013-02-01,2014-03-10,1,0,0,0
1041,0,1600.0,1,"Jan,Apr,Jul,Oct",2013-08-01,2014-10-06,0,0,1,0
1042,0,3440.0,1,"Feb,May,Aug,Nov",2010-02-01,2013-08-05,1,0,0,0
1043,0,420.0,0,,2006-03-01,,0,0,1,0
1044,0,240.0,1,"Jan,Apr,Jul,Oct",2015-04-01,2010-03-29,0,0,1,0
1045,2,26990.0,0,,2013-12-01,,1,0,0,0
1046,2,29070.0,0,,2005-04-01,,0,0,0,1
1047,0,3750.0,1,"Feb,May,Aug,Nov",2010-02-01,2009-11-09,1,0,0,0
1048,2,1860.0,1,"Jan,Apr,Jul,Oct",2012-09-01,2012-10-01,0,0,0,1
1049,0,370.0,1,"Jan,Apr,Jul,Oct",2012-07-01,2011-04-04,1,0,0,0
1050,2,13170.0,1,"Mar,Jun,Sept,Dec",2014-08-01,2011-02-28,0,0,0,1
1051,0,200.0,1,"Jan,Apr,Jul,Oct",1998-07-01,2012-01-02,0,0,1,0
1052,2,5080.0,1,"Feb,May,Aug,Nov",2010-02-01,2013-08-05,1,0,0,0
1053,0,1710.0,0,,2015-07-01,,1,0,0,0
1054,2,13190.0,1,"Feb,May,Aug,Nov",2010-02-01,2013-11-11,1,0,0,0
1055,0,1980.0,0,,2009-04-01,,0,0,1,0
1056,2,5350.0,1,"Jan,Apr,Jul,Oct",2010-02-01,2012-10-01,0,0,0,1
1057,2,3230.0,0,,2011-11-01,,0,0,0,1
1058,2,180.0,1,"Mar,Jun,Sept,Dec",2010-02-01,2010-08-30,1,0,0,0
1059,0,3380.0,0,,2013-04-01,,0,0,1,0
1060,2,3430.0,1,"Feb,May,Aug,Nov",2010-02-01,2013-08-05,1,0,0,0
1061,2,8110.0,0,,2010-02-01,,0,0,0,1
1062,0,190.0,1,"Feb,May,Aug,Nov",2012-09-01,2012-10-01,0,0,0,1
1063,2,6250.0,0,,2010-02-01,,1,0,0,0
1064,2,420.0,0,,2010-02-01,,1,0,0,0
1065,0,1290.0,1,"Mar,Jun,Sept,Dec",2010-02-01,2011-08-29,1,0,0,0
1066,0,3350.0,0,,2010-02-01,,1,0,0,0
1067,2,12020.0,0,,2009-07-01,,0,0,0,1
1068,2,5010.0,1,"Jan,Apr,Jul,Oct",2010-02-01,2013-02-04,0,0,0,1
1069,2,18050.0,1,"Jan,Apr,Jul,Oct",2010-02-01,2011-04-04,1,0,0,0
1070,2,400.0,0,,2008-10-01,,0,0,1,0
1071,0,820.0,1,"Mar,Jun,Sept,Dec",2012-03-01,2012-08-27,1,0,0,0
1072,2,5380.0,1,"Feb,May,Aug,Nov",2015-08-01,2010-02-01,1,0,0,0
1073,2,1710.0,1,"Jan,Apr,Jul,Oct",2010-02-01,2012-10-29,1,0,0,0
1074,2,3330.0,1,"Jan,Apr,Jul,Oct",2001-10-01,2011-04-04,0,0,1,0
1075,2,1410.0,0,,2013-10-01,,1,0,0,0
1076,2,90.0,1,"Jan,Apr,Jul,Oct",2010-02-01,2013-01-07,1,0,0,0
1077,0,3750.0,1,"Mar,Jun,Sept,Dec",2001-11-01,2010-08-30,1,0,0,0
1078,2,670.0,1,"Jan,Apr,Jul,Oct",2010-02-01,2011-10-03,0,0,0,1
1079,0,16680.0,1,"Jan,Apr,Jul,Oct",2010-02-01,2009-09-14,1,0,0,0
1080,0,2410.0,1,"Jan,Apr,Jul,Oct",2010-02-01,2014-10-06,1,0,0,0
1081,0,400.0,0,,2006-03-01,,0,1,0,0
1082,0,440.0,0,,2002-04-01,,0,0,1,0
1083,2,11540.0,1,"Feb,May,Aug,Nov",2010-02-01,2013-02-04,0,0,0,1
1084,0,190.0,1,"Jan,Apr,Jul,Oct",2010-02-01,2010-03-29,1,0,0,0
1085,0,4030.0,0,,2015-02-01,,0,0,1,0
1086,0,180.0,1,"Feb,May,Aug,Nov",2013-11-01,2011-05-02,1,0,0,0
1087,2,2210.0,0,,2011-11-01,,0,0,0,1
1088,0,4300.0,1,"Jan,Apr,Jul,Oct",2009-03-01,2013-07-08,1,0,0,0
1089,0,5220.0,0,,2009-05-01,,0,0,0,1
1090,0,330.0,1,"Jan,Apr,Jul,Oct",2010-02-01,2011-04-04,1,0,0,0
1091,2,9990.0,0,,2010-02-01,,1,0,0,0
1092,0,300.0,1,"Jan,Apr,Jul,Oct",2000-07-01,2014-10-06,1,0,0,0
1093,2,10450.0,0,,2009-06-01,,0,0,1,0
1094,0,2380.0,1,"Jan,Apr,Jul,Oct",2013-03-01,2014-10-06,0,0,0,1
1095,0,690.0,1,"Jan,Apr,Jul,Oct",2007-06-01,2011-04-04,1,0,0,0
1096,2,1130.0,1,"Mar,Jun,Sept,Dec",2010-02-01,2014-03-10,1,0,0,0
1097,1,720.0,0,,2002-03-01,,0,1,0,0
1098,0,1830.0,0,,2004-11-01,,1,0,0,0
1099,2,200.0,1,"Jan,Apr,Jul,Oct",2013-04-01,2013-04-08,1,0,0,0
1100,0,540.0,1,"Jan,Apr,Jul,Oct",2010-02-01,2011-04-04,1,0,0,0
1101,2,4060.0,0,,2012-09-01,,0,0,0,1
1102,0,850.0,1,"Jan,Apr,Jul,Oct",2012-11-01,2014-10-06,1,0,0,0
1103,2,1340.0,1,"Feb,May,Aug,Nov",2006-10-01,2013-02-04,0,0,0,1
1104,0,260.0,1,"Jan,Apr,Jul,Oct",2012-02-01,2011-04-04,0,0,0,1
1105,2,330.0,1,"Feb,May,Aug,Nov",2008-11-01,2013-02-04,0,0,1,0
1106,2,5330.0,1,"Jan,Apr,Jul,Oct",2011-09-01,2013-08-05,1,0,0,0
1107,0,1400.0,1,"Jan,Apr,Jul,Oct",2012-06-01,2010-03-29,1,0,0,0
1108,0,540.0,0,,2004-04-01,,1,0,0,0
1109,0,3490.0,1,"Jan,Apr,Jul,Oct",2011-04-01,2012-05-28,0,0,1,0
1110,2,900.0,0,,2010-09-01,,0,0,1,0
1111,0,1900.0,1,"Jan,Apr,Jul,Oct",2014-06-01,2013-08-05,1,0,0,0
1112,2,1880.0,0,,2006-04-01,,0,0,1,0
1113,2,9260.0,0,,2010-02-01,,1,0,0,0
1114,2,870.0,0,,2010-02-01,,1,0,0,0
1115,2,5350.0,1,"Mar,Jun,Sept,Dec",2010-02-01,2012-05-28,0,0,0,1
