Store,StoreType_a,StoreType_b,StoreType_c,StoreType_d,Assortment,CompetitionDistance,COBefore2005-11-16,COBetween2005-11-16_2010-03-01,COAfter2010-03-01,Promo2,P2Jan,P2Feb,P2Mar,P2Before2011-04-04,P2Between2011-04-04_2013-02-04,P2After2013-02-04
1,0,0,1,0,0,1270.0,0,1,0,0,0,0,0,0,0,0
2,1,0,0,0,0,570.0,0,1,0,1,1,0,0,1,0,0
3,1,0,0,0,0,14130.0,0,1,0,1,1,0,0,1,0,0
4,0,0,1,0,2,620.0,0,1,0,0,0,0,0,0,0,0
5,1,0,0,0,0,29910.0,0,0,1,0,0,0,0,0,0,0
6,1,0,0,0,0,310.0,0,0,1,0,0,0,0,0,0,0
7,1,0,0,0,2,24000.0,0,0,1,0,0,0,0,0,0,0
8,1,0,0,0,0,7520.0,0,0,1,0,0,0,0,0,0,0
9,1,0,0,0,2,2030.0,1,0,0,0,0,0,0,0,0,0
10,1,0,0,0,0,3160.0,0,1,0,0,0,0,0,0,0,0
11,1,0,0,0,2,960.0,0,0,1,1,1,0,0,0,1,0
12,1,0,0,0,2,1070.0,1,0,0,1,1,0,0,1,0,0
13,0,0,0,1,0,310.0,1,0,0,1,0,1,0,1,0,0
14,1,0,0,0,0,1300.0,0,0,1,1,1,0,0,0,1,0
15,0,0,0,1,2,4110.0,0,1,0,1,1,0,0,1,0,0
16,1,0,0,0,2,3270.0,1,0,0,0,0,0,0,0,0,0
17,1,0,0,0,0,50.0,0,1,0,1,1,0,0,1,0,0
18,0,0,0,1,2,13840.0,0,0,1,1,1,0,0,0,1,0
19,1,0,0,0,2,3240.0,1,0,0,1,0,0,1,0,1,0
20,0,0,0,1,0,2340.0,0,1,0,1,1,0,0,0,0,1
21,0,0,1,0,2,550.0,1,0,0,1,1,0,0,1,0,0
22,1,0,0,0,0,1040.0,0,1,0,1,1,0,0,0,1,0
23,0,0,0,1,0,4060.0,1,0,0,0,0,0,0,0,0,0
24,1,0,0,0,2,4590.0,1,0,0,1,1,0,0,0,1,0
25,0,0,1,0,0,430.0,1,0,0,0,0,0,0,0,0,0
26,0,0,0,1,0,2300.0,1,0,0,0,0,0,0,0,0,0
27,1,0,0,0,0,60.0,1,0,0,1,1,0,0,1,0,0
28,1,0,0,0,0,1200.0,0,0,1,1,0,0,1,0,0,1
29,0,0,0,1,2,2170.0,1,0,0,0,0,0,0,0,0,0
30,1,0,0,0,0,40.0,0,0,1,1,0,0,1,0,0,1
31,0,0,0,1,2,9800.0,0,0,1,0,0,0,0,0,0,0
32,1,0,0,0,0,2910.0,0,1,0,1,0,1,0,1,0,0
33,1,0,0,0,2,1320.0,0,0,1,0,0,0,0,0,0,0
34,0,0,1,0,0,2240.0,0,1,0,0,0,0,0,0,0,0
35,0,0,0,1,2,7660.0,1,0,0,1,1,0,0,0,1,0
36,1,0,0,0,2,540.0,1,0,0,1,1,0,0,0,0,1
37,0,0,1,0,0,4230.0,0,0,1,0,0,0,0,0,0,0
38,0,0,0,1,0,1090.0,0,1,0,0,0,0,0,0,0,0
39,1,0,0,0,0,260.0,0,1,0,1,0,1,0,0,0,1
40,1,0,0,0,0,180.0,0,1,0,1,0,1,0,1,0,0
41,0,0,0,1,2,1180.0,1,0,0,1,1,0,0,0,0,1
42,1,0,0,0,2,290.0,1,0,0,1,1,0,0,0,1,0
43,0,0,0,1,0,4880.0,1,0,0,1,1,0,0,1,0,0
44,1,0,0,0,0,540.0,0,0,1,0,0,0,0,0,0,0
45,0,0,0,1,0,9710.0,0,0,1,0,0,0,0,0,0,0
46,0,0,1,0,0,1200.0,1,0,0,1,1,0,0,1,0,0
47,1,0,0,0,2,270.0,0,0,1,1,1,0,0,0,0,1
48,1,0,0,0,0,1060.0,0,0,1,0,0,0,0,0,0,0
49,0,0,0,1,2,18010.0,0,1,0,0,0,0,0,0,0,0
50,0,0,0,1,0,6260.0,0,1,0,0,0,0,0,0,0,0
51,1,0,0,0,2,10570.0,0,0,1,1,1,0,0,1,0,0
52,0,0,0,1,2,450.0,0,0,1,1,1,0,0,1,0,0
53,1,0,0,0,2,30360.0,0,0,1,0,0,0,0,0,0,0
54,0,0,0,1,2,7170.0,0,0,1,1,0,1,0,0,1,0
55,1,0,0,0,0,720.0,1,0,0,0,0,0,0,0,0,0
56,0,0,0,1,2,6620.0,0,0,1,1,0,0,1,0,0,1
57,0,0,0,1,2,420.0,0,0,1,0,0,0,0,0,0,0
58,1,0,0,0,2,7340.0,0,1,0,1,1,0,0,0,1,0
59,1,0,0,0,2,2840.0,0,1,0,1,1,0,0,1,0,0
60,0,0,0,1,2,5540.0,0,1,0,0,0,0,0,0,0,0
61,1,0,0,0,2,350.0,0,1,0,1,1,0,0,0,1,0
62,1,0,0,0,0,2050.0,0,1,0,0,0,0,0,0,0,0
63,0,0,1,0,2,3700.0,0,0,1,1,0,1,0,1,0,0
64,0,0,0,1,2,22560.0,1,0,0,1,1,0,0,0,0,1
65,1,0,0,0,2,13840.0,0,0,1,1,1,0,0,0,1,0
66,0,0,0,1,0,7660.0,1,0,0,1,1,0,0,1,0,0
67,1,0,0,0,2,410.0,0,1,0,0,0,0,0,0,0,0
68,1,0,0,0,2,250.0,1,0,0,1,0,0,1,0,1,0
69,0,0,1,0,2,1130.0,0,1,0,1,1,0,0,0,1,0
70,0,0,1,0,2,4840.0,0,1,0,0,0,0,0,0,0,0
71,1,0,0,0,0,17500.0,0,1,0,1,0,0,1,1,0,0
72,1,0,0,0,0,2200.0,0,1,0,1,1,0,0,1,0,0
73,1,0,0,0,2,1650.0,0,1,0,0,0,0,0,0,0,0
74,1,0,0,0,0,330.0,0,1,0,0,0,0,0,0,0,0
75,0,0,0,1,2,22440.0,0,0,1,0,0,0,0,0,0,0
76,0,0,0,1,2,19960.0,0,1,0,0,0,0,0,0,0,0
77,0,0,0,1,2,1090.0,0,1,0,1,1,0,0,0,0,1
78,1,0,0,0,0,3510.0,0,1,0,1,0,1,0,0,1,0
79,1,0,0,0,0,3320.0,0,1,0,0,0,0,0,0,0,0
80,0,0,0,1,0,7910.0,1,0,0,0,0,0,0,0,0,0
81,1,0,0,0,0,2370.0,0,0,1,1,1,0,0,0,0,1
82,1,0,0,0,0,22390.0,0,1,0,1,1,0,0,1,0,0
83,1,0,0,0,0,2710.0,0,1,0,0,0,0,0,0,0,0
84,1,0,0,0,2,11810.0,0,0,1,0,0,0,0,0,0,0
85,0,1,0,0,0,1870.0,0,0,1,0,0,0,0,0,0,0
86,1,0,0,0,0,480.0,1,0,0,1,1,0,0,0,0,1
87,1,0,0,0,0,560.0,0,0,1,0,0,0,0,0,0,0
88,1,0,0,0,0,10690.0,1,0,0,0,0,0,0,0,0,0
89,1,0,0,0,0,2380.0,1,0,0,1,1,0,0,0,0,1
90,1,0,0,0,0,330.0,0,1,0,0,0,0,0,0,0,0
91,0,0,1,0,0,2410.0,0,1,0,1,1,0,0,0,1,0
92,0,0,1,0,0,240.0,0,1,0,1,0,1,0,1,0,0
93,1,0,0,0,0,16690.0,0,1,0,1,1,0,0,1,0,0
94,0,0,0,1,2,14620.0,1,0,0,0,0,0,0,0,0,0
95,1,0,0,0,0,1890.0,0,0,1,0,0,0,0,0,0,0
96,1,0,0,0,0,8780.0,1,0,0,1,1,0,0,1,0,0
97,0,0,0,1,2,8980.0,1,0,0,0,0,0,0,0,0,0
98,0,0,0,1,2,15140.0,0,1,0,1,1,0,0,0,1,0
99,0,0,1,0,2,2030.0,1,0,0,1,0,0,1,0,1,0
100,0,0,0,1,0,17930.0,1,0,0,0,0,0,0,0,0,0
101,0,0,0,1,2,2440.0,1,0,0,1,0,0,1,0,1,0
102,1,0,0,0,0,150.0,0,1,0,1,0,0,1,0,0,1
103,0,0,0,1,2,5210.0,0,0,1,0,0,0,0,0,0,0
104,1,0,0,0,0,390.0,0,1,0,0,0,0,0,0,0,0
105,1,0,0,0,2,6190.0,1,0,0,1,0,0,1,0,0,1
106,1,0,0,0,0,1390.0,0,0,1,0,0,0,0,0,0,0
107,1,0,0,0,0,1930.0,0,1,0,0,0,0,0,0,0,0
108,0,0,0,1,2,2190.0,1,0,0,0,0,0,0,0,0,0
109,1,0,0,0,2,3300.0,0,0,1,0,0,0,0,0,0,0
110,1,0,0,0,2,46590.0,0,0,1,0,0,0,0,0,0,0
111,0,0,0,1,2,7890.0,1,0,0,1,1,0,0,1,0,0
112,1,0,0,0,0,1630.0,0,1,0,0,0,0,0,0,0,0
113,0,0,0,1,2,20930.0,1,0,0,0,0,0,0,0,0,0
114,0,0,1,0,0,4510.0,0,1,0,1,0,0,1,0,1,0
115,0,0,0,1,2,5740.0,0,1,0,1,1,0,0,0,0,1
116,1,0,0,0,0,680.0,0,0,1,0,0,0,0,0,0,0
117,1,0,0,0,0,3450.0,0,0,1,0,0,0,0,0,0,0
118,0,0,0,1,2,3580.0,0,0,1,0,0,0,0,0,0,0
119,1,0,0,0,2,2100.0,0,1,0,0,0,0,0,0,0,0
120,0,0,0,1,0,2290.0,0,0,1,1,1,0,0,1,0,0
121,1,0,0,0,0,3570.0,0,1,0,1,0,0,1,0,0,1
122,1,0,0,0,2,58260.0,0,0,1,0,0,0,0,0,0,0
123,1,0,0,0,0,16760.0,0,0,1,0,0,0,0,0,0,0
124,1,0,0,0,0,1410.0,1,0,0,0,0,0,0,0,0,0
125,1,0,0,0,0,760.0,0,1,0,0,0,0,0,0,0,0
126,0,0,0,1,0,3370.0,0,0,1,1,0,1,0,0,1,0
127,0,0,0,1,0,1350.0,0,1,0,1,1,0,0,1,0,0
128,0,0,0,1,2,2000.0,1,0,0,1,1,0,0,0,1,0
129,1,0,0,0,0,2460.0,0,1,0,1,1,0,0,1,0,0
130,0,0,1,0,0,900.0,0,1,0,1,1,0,0,1,0,0
131,0,0,1,0,0,920.0,0,0,1,0,0,0,0,0,0,0
132,0,0,0,1,2,1040.0,1,0,0,1,1,0,0,0,1,0
133,1,0,0,0,0,270.0,0,0,1,1,0,0,1,0,0,1
134,1,0,0,0,0,1200.0,0,1,0,0,0,0,0,0,0,0
135,0,0,0,1,0,5190.0,1,0,0,1,1,0,0,0,1,0
136,1,0,0,0,2,2200.0,0,0,1,1,0,1,0,0,1,0
137,1,0,0,0,0,1730.0,0,0,1,1,1,0,0,0,0,1
138,1,0,0,0,2,25360.0,0,0,1,0,0,0,0,0,0,0
139,1,0,0,0,0,1700.0,0,1,0,1,1,0,0,1,0,0
140,1,0,0,0,2,1090.0,0,0,1,1,1,0,0,0,1,0
141,0,0,1,0,2,1540.0,0,1,0,1,0,0,1,0,1,0
142,1,0,0,0,0,1090.0,1,0,0,0,0,0,0,0,0,0
143,0,0,0,1,0,2930.0,1,0,0,0,0,0,0,0,0,0
144,1,0,0,0,2,16570.0,1,0,0,0,0,0,0,0,0,0
145,1,0,0,0,0,280.0,0,1,0,1,0,1,0,1,0,0
146,0,0,0,1,2,8050.0,1,0,0,1,1,0,0,0,1,0
147,0,0,0,1,2,8540.0,1,0,0,0,0,0,0,0,0,0
148,1,0,0,0,0,2090.0,0,1,0,0,0,0,0,0,0,0
149,0,0,0,1,0,2610.0,0,1,0,1,1,0,0,1,0,0
150,0,0,1,0,2,31830.0,0,1,0,0,0,0,0,0,0,0
151,0,0,0,1,2,4360.0,1,0,0,0,0,0,0,0,0,0
152,1,0,0,0,0,1780.0,0,1,0,0,0,0,0,0,0,0
153,1,0,0,0,0,16240.0,1,0,0,1,0,1,0,0,1,0
154,0,0,0,1,2,16420.0,1,0,0,0,0,0,0,0,0,0
155,0,0,0,1,0,3050.0,1,0,0,1,1,0,0,1,0,0
156,1,0,0,0,0,2020.0,0,0,1,1,0,0,1,1,0,0
157,1,0,0,0,2,2950.0,1,0,0,0,0,0,0,0,0,0
158,0,0,0,1,2,11840.0,1,0,0,1,0,1,0,1,0,0
159,0,0,0,1,0,8530.0,0,0,1,0,0,0,0,0,0,0
160,0,0,0,1,2,17110.0,1,0,0,0,0,0,0,0,0,0
161,1,0,0,0,2,2970.0,1,0,0,0,0,0,0,0,0,0
162,0,0,0,1,2,5340.0,0,0,1,1,1,0,0,1,0,0
163,1,0,0,0,0,1480.0,0,1,0,0,0,0,0,0,0,0
164,1,0,0,0,0,1160.0,1,0,0,1,1,0,0,1,0,0
165,1,0,0,0,0,3720.0,1,0,0,1,1,0,0,1,0,0
166,1,0,0,0,2,100.0,0,0,1,1,1,0,0,0,0,1
167,1,0,0,0,0,140.0,0,1,0,0,0,0,0,0,0,0
168,1,0,0,0,0,12540.0,0,1,0,0,0,0,0,0,0,0
169,0,0,0,1,0,980.0,0,0,1,1,0,1,0,0,0,1
170,1,0,0,0,0,1070.0,0,0,1,1,1,0,0,1,0,0
171,1,0,0,0,0,2640.0,0,1,0,0,0,0,0,0,0,0
172,1,0,0,0,0,110.0,0,1,0,1,1,0,0,0,0,1
173,1,0,0,0,0,350.0,0,0,1,0,0,0,0,0,0,0
174,1,0,0,0,0,13090.0,0,1,0,1,1,0,0,0,1,0
175,0,0,1,0,0,4130.0,0,1,0,0,0,0,0,0,0,0
176,1,0,0,0,0,3770.0,0,1,0,0,0,0,0,0,0,0
177,1,0,0,0,0,1250.0,1,0,0,1,0,1,0,0,1,0
178,0,0,0,1,0,1710.0,1,0,0,0,0,0,0,0,0,0
179,1,0,0,0,2,480.0,1,0,0,0,0,0,0,0,0,0
180,0,0,0,1,0,5800.0,0,0,1,0,0,0,0,0,0,0
181,1,0,0,0,0,12610.0,0,0,1,1,1,0,0,1,0,0
182,0,0,0,1,2,1390.0,1,0,0,1,0,0,1,1,0,0
183,1,0,0,0,0,9670.0,0,1,0,0,0,0,0,0,0,0
184,0,0,0,1,2,3560.0,1,0,0,0,0,0,0,0,0,0
185,0,0,0,1,2,1860.0,0,0,1,0,0,0,0,0,0,0
186,1,0,0,0,0,290.0,0,0,1,1,1,0,0,0,0,1
187,1,0,0,0,2,19360.0,1,0,0,0,0,0,0,0,0,0
188,0,0,0,1,0,850.0,1,0,0,1,0,1,0,0,1,0
189,0,0,0,1,0,5760.0,0,0,1,0,0,0,0,0,0,0
190,1,0,0,0,0,1470.0,0,1,0,1,1,0,0,0,0,1
191,1,0,0,0,0,1100.0,0,0,1,1,1,0,0,0,0,1
192,0,0,0,1,2,2770.0,0,1,0,1,1,0,0,0,0,1
193,1,0,0,0,0,520.0,0,1,0,0,0,0,0,0,0,0
194,0,0,0,1,2,16970.0,1,0,0,1,0,1,0,0,1,0
195,1,0,0,0,2,220.0,1,0,0,0,0,0,0,0,0,0
196,0,0,1,0,0,3850.0,1,0,0,1,1,0,0,1,0,0
197,0,0,1,0,0,4210.0,0,0,1,0,0,0,0,0,0,0
198,1,0,0,0,0,290.0,1,0,0,1,1,0,0,1,0,0
199,0,0,0,1,2,6360.0,0,0,1,1,0,0,1,0,1,0
200,1,0,0,0,0,1650.0,1,0,0,0,0,0,0,0,0,0
201,0,0,0,1,0,20260.0,1,0,0,1,0,0,1,0,0,1
202,0,0,0,1,2,5140.0,0,0,1,0,0,0,0,0,0,0
203,0,0,1,0,2,490.0,1,0,0,0,0,0,0,0,0,0
204,1,0,0,0,0,5630.0,1,0,0,1,1,0,0,0,0,1
205,1,0,0,0,0,110.0,0,1,0,0,0,0,0,0,0,0
206,1,0,0,0,2,380.0,1,0,0,1,1,0,0,0,1,0
207,1,0,0,0,0,6870.0,0,1,0,0,0,0,0,0,0,0
208,0,0,1,0,0,300.0,0,1,0,0,0,0,0,0,0,0
209,1,0,0,0,2,11680.0,0,0,1,1,1,0,0,0,0,1
210,0,0,0,1,0,970.0,1,0,0,1,0,1,0,0,1,0
211,1,0,0,0,2,350.0,0,1,0,0,0,0,0,0,0,0
212,1,0,0,0,2,15050.0,0,1,0,0,0,0,0,0,0,0
213,0,0,0,1,2,4030.0,0,0,1,1,1,0,0,0,0,1
214,0,0,0,1,0,8650.0,0,0,1,1,1,0,0,0,0,1
215,0,0,0,1,0,150.0,1,0,0,1,0,1,0,1,0,0
216,0,0,1,0,0,190.0,0,1,0,1,0,1,0,1,0,0
217,0,0,1,0,0,3150.0,0,1,0,0,0,0,0,0,0,0
218,1,0,0,0,2,640.0,1,0,0,1,0,0,1,1,0,0
219,1,0,0,0,0,1640.0,0,0,1,0,0,0,0,0,0,0
220,1,0,0,0,0,1000.0,0,1,0,0,0,0,0,0,0,0
221,0,0,0,1,2,13530.0,0,0,1,0,0,0,0,0,0,0
222,1,0,0,0,0,2170.0,0,1,0,0,0,0,0,0,0,0
223,0,0,0,1,2,2920.0,1,0,0,1,1,0,0,0,1,0
224,0,0,0,1,2,7930.0,1,0,0,1,1,0,0,0,1,0
225,0,0,0,1,0,10180.0,0,0,1,0,0,0,0,0,0,0
226,1,0,0,0,0,450.0,0,1,0,0,0,0,0,0,0,0
227,1,0,0,0,0,2370.0,0,1,0,0,0,0,0,0,0,0
228,0,0,0,1,2,10800.0,1,0,0,1,0,1,0,0,1,0
229,0,0,0,1,2,17410.0,0,1,0,1,1,0,0,1,0,0
230,0,0,0,1,2,6680.0,0,0,1,0,0,0,0,0,0,0
231,0,0,0,1,2,3840.0,0,1,0,1,0,1,0,1,0,0
232,0,0,1,0,2,13570.0,0,0,1,1,0,0,1,0,0,1
233,1,0,0,0,0,1890.0,0,1,0,0,0,0,0,0,0,0
234,0,0,0,1,0,4370.0,1,0,0,0,0,0,0,0,0,0
235,1,0,0,0,0,5710.0,0,0,1,1,1,0,0,1,0,0
236,1,0,0,0,0,1000.0,0,1,0,0,0,0,0,0,0,0
237,1,0,0,0,0,1420.0,0,1,0,0,0,0,0,0,0,0
238,1,0,0,0,0,320.0,0,1,0,1,0,1,0,1,0,0
239,0,0,0,1,2,610.0,1,0,0,0,0,0,0,0,0,0
240,1,0,0,0,0,1110.0,0,1,0,0,0,0,0,0,0,0
241,0,0,0,1,2,780.0,1,0,0,0,0,0,0,0,0,0
242,0,0,0,1,0,6880.0,1,0,0,1,1,0,0,1,0,0
243,1,0,0,0,0,310.0,0,1,0,1,0,1,0,0,1,0
244,0,0,0,1,0,710.0,0,0,1,1,1,0,0,0,1,0
245,1,0,0,0,2,1310.0,1,0,0,0,0,0,0,0,0,0
246,0,0,1,0,0,4660.0,0,0,1,0,0,0,0,0,0,0
247,0,0,0,1,2,70.0,0,0,1,1,0,1,0,0,1,0
248,1,0,0,0,2,340.0,0,0,1,1,1,0,0,0,1,0
249,0,0,0,1,2,18010.0,0,0,1,0,0,0,0,0,0,0
250,0,0,0,1,0,3520.0,1,0,0,1,0,1,0,0,1,0
251,1,0,0,0,2,340.0,1,0,0,0,0,0,0,0,0,0
252,0,0,0,1,2,22330.0,1,0,0,1,0,1,0,1,0,0
253,1,0,0,0,2,250.0,1,0,0,1,0,1,0,0,1,0
254,0,0,0,1,0,330.0,0,1,0,1,0,0,1,0,1,0
255,0,0,1,0,2,4630.0,0,0,1,1,0,1,0,0,1,0
256,1,0,0,0,2,80.0,1,0,0,1,0,0,1,0,0,1
257,1,0,0,0,0,420.0,0,0,1,0,0,0,0,0,0,0
258,1,0,0,0,0,27190.0,0,0,1,1,1,0,0,1,0,0
259,0,1,0,0,1,210.0,0,1,0,0,0,0,0,0,0,0
260,1,0,0,0,0,540.0,0,0,1,0,0,0,0,0,0,0
261,0,0,0,1,2,15340.0,0,0,1,1,1,0,0,1,0,0
262,0,1,0,0,0,1180.0,0,0,1,0,0,0,0,0,0,0
263,1,0,0,0,2,1140.0,0,0,1,1,1,0,0,0,0,1
264,1,0,0,0,0,180.0,0,0,1,0,0,0,0,0,0,0
265,1,0,0,0,0,4580.0,0,1,0,1,1,0,0,0,0,1
266,1,0,0,0,2,360.0,0,0,1,1,0,0,1,1,0,0
267,0,0,1,0,0,2460.0,0,0,1,0,0,0,0,0,0,0
268,1,0,0,0,0,4520.0,0,0,1,0,0,0,0,0,0,0
269,1,0,0,0,2,60.0,0,0,1,0,0,0,0,0,0,0
270,1,0,0,0,0,1450.0,0,0,1,0,0,0,0,0,0,0
271,1,0,0,0,0,420.0,0,1,0,1,1,0,0,1,0,0
272,1,0,0,0,0,16180.0,1,0,0,1,1,0,0,1,0,0
273,1,0,0,0,2,8480.0,1,0,0,0,0,0,0,0,0,0
274,0,1,0,0,1,3640.0,0,1,0,1,1,0,0,0,0,1
275,0,0,0,1,0,300.0,0,0,1,1,1,0,0,0,0,1
276,1,0,0,0,0,2960.0,0,0,1,1,0,0,1,0,0,1
277,0,0,0,1,2,7840.0,1,0,0,1,0,1,0,1,0,0
278,1,0,0,0,2,9260.0,0,1,0,0,0,0,0,0,0,0
279,0,0,0,1,2,2320.0,1,0,0,1,1,0,0,0,1,0
280,0,0,0,1,2,18640.0,0,0,1,1,0,0,1,0,0,1
281,0,0,0,1,2,6970.0,0,0,1,0,0,0,0,0,0,0
282,1,0,0,0,0,1220.0,0,0,1,0,0,0,0,0,0,0
283,1,0,0,0,0,2260.0,0,1,0,1,1,0,0,0,0,1
284,0,0,0,1,0,1290.0,1,0,0,1,1,0,0,0,0,1
285,1,0,0,0,0,2410.0,0,1,0,0,0,0,0,0,0,0
286,1,0,0,0,0,1460.0,0,0,1,0,0,0,0,0,0,0
287,0,0,1,0,0,2740.0,0,1,0,1,1,0,0,0,0,1
288,0,0,0,1,0,800.0,1,0,0,1,0,0,1,1,0,0
289,0,0,0,1,0,6540.0,0,1,0,0,0,0,0,0,0,0
290,1,0,0,0,0,4150.0,1,0,0,0,0,0,0,0,0,0
291,0,0,0,1,0,4385.0,1,0,0,0,0,0,0,0,0,0
292,1,0,0,0,0,1100.0,0,1,0,0,0,0,0,0,0,0
293,0,0,1,0,2,140.0,0,1,0,0,0,0,0,0,0,0
294,1,0,0,0,0,3150.0,1,0,0,0,0,0,0,0,0,0
295,1,0,0,0,0,210.0,1,0,0,1,0,0,1,0,0,1
296,1,0,0,0,0,9580.0,0,1,0,1,0,1,0,0,0,1
297,1,0,0,0,0,2300.0,0,0,1,0,0,0,0,0,0,0
298,0,0,0,1,0,19840.0,0,1,0,0,0,0,0,0,0,0
299,0,0,0,1,2,38630.0,0,0,1,0,0,0,0,0,0,0
300,1,0,0,0,2,120.0,0,1,0,1,1,0,0,0,1,0
301,1,0,0,0,2,4510.0,0,0,1,0,0,0,0,0,0,0
302,0,0,0,1,2,2190.0,0,1,0,1,0,0,1,1,0,0
303,1,0,0,0,0,15430.0,0,0,1,1,0,1,0,0,1,0
304,1,0,0,0,0,1950.0,0,0,1,0,0,0,0,0,0,0
305,0,0,1,0,2,2470.0,1,0,0,1,0,0,1,0,0,1
306,1,0,0,0,0,5100.0,0,1,0,1,1,0,0,0,0,1
307,1,0,0,0,0,18660.0,1,0,0,0,0,0,0,0,0,0
308,1,0,0,0,0,1070.0,0,1,0,1,1,0,0,1,0,0
309,0,0,0,1,0,8740.0,1,0,0,1,0,1,0,1,0,0
310,1,0,0,0,2,2290.0,1,0,0,1,0,0,1,0,0,1
311,1,0,0,0,2,680.0,1,0,0,0,0,0,0,0,0,0
312,0,0,0,1,0,11300.0,0,0,1,0,0,0,0,0,0,0
313,0,0,0,1,2,14160.0,1,0,0,0,0,0,0,0,0,0
314,1,0,0,0,0,3560.0,1,0,0,1,0,1,0,0,0,1
315,1,0,0,0,2,38710.0,0,0,1,0,0,0,0,0,0,0
316,0,0,0,1,0,9000.0,1,0,0,0,0,0,0,0,0,0
317,0,0,0,1,0,3140.0,0,0,1,1,1,0,0,1,0,0
318,0,0,0,1,2,32330.0,0,0,1,0,0,0,0,0,0,0
319,1,0,0,0,2,570.0,0,0,1,1,0,0,1,0,1,0
320,1,0,0,0,2,210.0,0,0,1,0,0,0,0,0,0,0
321,0,0,1,0,2,8140.0,0,0,1,1,0,0,1,0,0,1
322,1,0,0,0,0,17500.0,1,0,0,1,1,0,0,1,0,0
323,0,0,0,1,2,8400.0,0,0,1,1,0,1,0,0,1,0
324,1,0,0,0,0,13140.0,0,1,0,1,1,0,0,1,0,0
325,1,0,0,0,2,350.0,0,0,1,1,0,1,0,0,1,0
326,0,0,0,1,0,10070.0,0,0,1,1,0,1,0,0,0,1
327,0,0,1,0,2,1390.0,1,0,0,0,0,0,0,0,0,0
328,1,0,0,0,0,3130.0,1,0,0,0,0,0,0,0,0,0
329,1,0,0,0,0,1310.0,1,0,0,1,0,0,1,0,1,0
330,1,0,0,0,2,370.0,1,0,0,1,0,0,1,0,1,0
331,1,0,0,0,2,670.0,1,0,0,1,1,0,0,0,0,1
332,1,0,0,0,0,1840.0,0,1,0,0,0,0,0,0,0,0
333,1,0,0,0,2,3720.0,0,1,0,0,0,0,0,0,0,0
334,0,0,0,1,2,4040.0,0,1,0,1,0,0,1,0,0,1
335,0,1,0,0,0,90.0,0,0,1,1,1,0,0,0,0,1
336,1,0,0,0,0,190.0,0,0,1,0,0,0,0,0,0,0
337,0,0,0,1,2,10600.0,1,0,0,1,0,1,0,0,0,1
338,1,0,0,0,2,1590.0,1,0,0,1,1,0,0,1,0,0
339,1,0,0,0,2,2280.0,1,0,0,1,0,0,1,0,0,1
340,1,0,0,0,2,8080.0,1,0,0,0,0,0,0,0,0,0
341,1,0,0,0,0,190.0,0,0,1,0,0,0,0,0,0,0
342,0,0,0,1,2,15770.0,1,0,0,1,1,0,0,0,0,1
343,0,0,0,1,0,18650.0,1,0,0,1,1,0,0,0,0,1
344,1,0,0,0,2,300.0,0,0,1,1,1,0,0,1,0,0
345,1,0,0,0,0,120.0,0,1,0,1,1,0,0,0,1,0
346,1,0,0,0,2,8090.0,1,0,0,0,0,0,0,0,0,0
347,0,0,0,1,2,9360.0,0,0,1,1,0,0,1,0,1,0
348,1,0,0,0,0,16490.0,0,1,0,1,1,0,0,0,1,0
349,0,0,1,0,2,1490.0,0,1,0,0,0,0,0,0,0,0
350,0,0,0,1,0,8880.0,1,0,0,1,1,0,0,1,0,0
351,1,0,0,0,0,5290.0,0,0,1,1,0,1,0,0,1,0
352,0,0,0,1,2,6360.0,1,0,0,1,0,0,1,0,1,0
353,0,1,0,0,1,900.0,0,1,0,1,0,1,0,0,0,1
354,0,0,0,1,2,1500.0,1,0,0,0,0,0,0,0,0,0
355,1,0,0,0,2,9720.0,0,0,1,0,0,0,0,0,0,0
356,0,0,0,1,2,8970.0,0,1,0,1,0,1,0,0,1,0
357,1,0,0,0,0,2060.0,0,1,0,0,0,0,0,0,0,0
358,1,0,0,0,0,2890.0,1,0,0,0,0,0,0,0,0,0
359,0,0,0,1,2,4370.0,1,0,0,0,0,0,0,0,0,0
360,1,0,0,0,0,2040.0,0,1,0,0,0,0,0,0,0,0
361,0,0,1,0,2,4490.0,0,0,1,1,0,1,0,0,1,0
362,0,0,1,0,2,340.0,0,1,0,0,0,0,0,0,0,0
363,1,0,0,0,0,250.0,0,1,0,0,0,0,0,0,0,0
364,1,0,0,0,2,13620.0,1,0,0,1,0,0,1,0,0,1
365,0,0,1,0,0,2410.0,0,1,0,1,0,1,0,1,0,0
366,0,0,0,1,2,6470.0,1,0,0,0,0,0,0,0,0,0
367,0,0,0,1,2,2640.0,0,0,1,0,0,0,0,0,0,0
368,0,0,0,1,2,1450.0,1,0,0,1,0,1,0,1,0,0
369,0,0,0,1,2,5870.0,0,0,1,0,0,0,0,0,0,0
370,0,0,0,1,0,8250.0,1,0,0,1,1,0,0,1,0,0
371,0,0,0,1,2,1970.0,0,1,0,1,0,1,0,0,0,1
372,0,0,0,1,2,4880.0,0,0,1,1,1,0,0,0,0,1
373,0,0,0,1,2,11120.0,1,0,0,1,1,0,0,0,1,0
374,1,0,0,0,0,1150.0,0,1,0,0,0,0,0,0,0,0
375,1,0,0,0,2,15710.0,0,0,1,1,1,0,0,1,0,0
376,1,0,0,0,0,160.0,0,0,1,0,0,0,0,0,0,0
377,1,0,0,0,2,100.0,0,0,1,1,0,1,0,1,0,0
378,1,0,0,0,2,2140.0,0,0,1,0,0,0,0,0,0,0
379,0,0,0,1,0,6630.0,1,0,0,0,0,0,0,0,0,0
380,1,0,0,0,0,2240.0,0,0,1,1,0,0,1,0,0,1
381,1,0,0,0,0,1800.0,0,1,0,1,0,1,0,0,1,0
382,0,0,1,0,2,26130.0,1,0,0,0,0,0,0,0,0,0
383,1,0,0,0,2,350.0,1,0,0,0,0,0,0,0,0,0
384,1,0,0,0,2,130.0,1,0,0,1,1,0,0,1,0,0
385,0,0,0,1,0,4580.0,0,1,0,0,0,0,0,0,0,0
386,0,0,0,1,2,1460.0,0,0,1,1,1,0,0,0,0,1
387,0,0,1,0,0,210.0,0,1,0,1,0,0,1,0,0,1
388,1,0,0,0,0,2260.0,0,1,0,0,0,0,0,0,0,0
389,1,0,0,0,2,6690.0,0,0,1,0,0,0,0,0,0,0
390,1,0,0,0,2,1600.0,0,1,0,0,0,0,0,0,0,0
391,1,0,0,0,0,460.0,0,0,1,1,0,1,0,0,0,1
392,1,0,0,0,0,2120.0,0,1,0,0,0,0,0,0,0,0
393,0,0,0,1,2,4820.0,0,1,0,0,0,0,0,0,0,0
394,0,0,0,1,0,10850.0,1,0,0,0,0,0,0,0,0,0
395,1,0,0,0,0,3620.0,0,0,1,0,0,0,0,0,0,0
396,1,0,0,0,2,23130.0,1,0,0,0,0,0,0,0,0,0
397,1,0,0,0,2,130.0,1,0,0,1,0,1,0,0,0,1
398,0,0,1,0,2,1540.0,0,1,0,1,1,0,0,0,1,0
399,1,0,0,0,0,5360.0,0,0,1,1,1,0,0,0,1,0
400,1,0,0,0,0,70.0,1,0,0,1,1,0,0,1,0,0
401,1,0,0,0,2,9200.0,0,1,0,1,1,0,0,0,1,0
402,0,0,1,0,2,5830.0,0,0,1,1,1,0,0,1,0,0
403,1,0,0,0,0,4970.0,0,0,1,0,0,0,0,0,0,0
404,1,0,0,0,2,1420.0,1,0,0,1,0,0,1,0,0,1
405,1,0,0,0,0,1080.0,0,1,0,1,1,0,0,1,0,0
406,0,0,0,1,2,8240.0,1,0,0,1,0,1,0,0,0,1
407,1,0,0,0,0,5890.0,1,0,0,1,0,1,0,1,0,0
408,0,0,1,0,0,1560.0,0,1,0,1,0,1,0,1,0,0
409,0,0,0,1,2,840.0,1,0,0,1,1,0,0,0,1,0
410,0,0,1,0,0,40.0,0,0,1,1,0,0,1,0,1,0
411,0,0,0,1,2,8460.0,1,0,0,0,0,0,0,0,0,0
412,0,0,0,1,2,4460.0,1,0,0,1,1,0,0,1,0,0
413,1,0,0,0,2,760.0,0,0,1,0,0,0,0,0,0,0
414,0,0,0,1,2,6210.0,1,0,0,1,1,0,0,0,1,0
415,0,0,0,1,2,6910.0,1,0,0,0,0,0,0,0,0,0
416,1,0,0,0,2,4650.0,0,0,1,0,0,0,0,0,0,0
417,1,0,0,0,2,840.0,1,0,0,1,1,0,0,0,0,1
418,1,0,0,0,0,1060.0,0,1,0,1,0,1,0,0,1,0
419,0,0,1,0,0,1620.0,0,1,0,0,0,0,0,0,0,0
420,0,0,0,1,2,250.0,1,0,0,1,1,0,0,0,1,0
421,0,0,1,0,2,3530.0,0,0,1,1,0,0,1,0,1,0
422,1,0,0,0,2,2880.0,1,0,0,0,0,0,0,0,0,0
423,0,1,0,0,0,1270.0,0,0,1,0,0,0,0,0,0,0
424,0,0,0,1,2,1250.0,1,0,0,1,1,0,0,0,1,0
425,0,0,0,1,2,1460.0,1,0,0,0,0,0,0,0,0,0
426,1,0,0,0,0,250.0,0,1,0,0,0,0,0,0,0,0
427,1,0,0,0,2,70.0,1,0,0,1,1,0,0,1,0,0
428,0,0,0,1,0,2960.0,0,0,1,1,0,0,1,0,0,1
429,0,0,0,1,2,16350.0,1,0,0,1,1,0,0,0,0,1
430,0,0,0,1,2,12870.0,0,1,0,0,0,0,0,0,0,0
431,0,0,0,1,2,4520.0,1,0,0,0,0,0,0,0,0,0
432,1,0,0,0,0,810.0,0,0,1,0,0,0,0,0,0,0
433,1,0,0,0,2,30030.0,0,0,1,0,0,0,0,0,0,0
434,1,0,0,0,0,13020.0,1,0,0,1,1,0,0,0,0,1
435,1,0,0,0,0,910.0,0,1,0,0,0,0,0,0,0,0
436,0,0,0,1,0,2300.0,1,0,0,0,0,0,0,0,0,0
437,0,0,1,0,2,430.0,0,1,0,1,1,0,0,1,0,0
438,0,0,0,1,2,1110.0,1,0,0,1,1,0,0,0,1,0
439,1,0,0,0,0,1350.0,0,1,0,0,0,0,0,0,0,0
440,0,0,0,1,0,3900.0,1,0,0,1,0,1,0,1,0,0
441,0,0,0,1,0,2530.0,1,0,0,0,0,0,0,0,0,0
442,0,0,1,0,0,500.0,0,1,0,1,0,1,0,1,0,0
443,0,0,0,1,0,11400.0,0,1,0,0,0,0,0,0,0,0
444,0,0,1,0,0,1700.0,0,1,0,0,0,0,0,0,0,0
445,1,0,0,0,0,240.0,0,1,0,0,0,0,0,0,0,0
446,1,0,0,0,0,340.0,1,0,0,1,0,1,0,0,0,1
447,1,0,0,0,2,1510.0,0,0,1,0,0,0,0,0,0,0
448,1,0,0,0,2,3970.0,0,1,0,0,0,0,0,0,0,0
449,1,0,0,0,2,120.0,0,0,1,1,1,0,0,1,0,0
450,0,0,1,0,0,5780.0,1,0,0,1,0,0,1,0,0,1
451,1,0,0,0,0,2460.0,0,1,0,1,1,0,0,1,0,0
452,1,0,0,0,2,1850.0,0,0,1,1,0,1,0,1,0,0
453,1,0,0,0,2,75860.0,1,0,0,0,0,0,0,0,0,0
454,1,0,0,0,0,26450.0,0,1,0,0,0,0,0,0,0,0
455,0,0,0,1,2,7660.0,0,0,1,0,0,0,0,0,0,0
456,1,0,0,0,2,140.0,1,0,0,0,0,0,0,0,0,0
457,0,0,0,1,2,13140.0,1,0,0,1,1,0,0,0,0,1
458,0,0,1,0,0,3390.0,0,1,0,0,0,0,0,0,0,0
459,1,0,0,0,0,250.0,0,1,0,1,0,1,0,0,1,0
460,1,0,0,0,0,34050.0,0,1,0,0,0,0,0,0,0,0
461,0,0,0,1,2,1790.0,0,0,1,1,1,0,0,0,0,1
462,1,0,0,0,0,44320.0,0,1,0,0,0,0,0,0,0,0
463,1,0,0,0,0,4160.0,0,1,0,0,0,0,0,0,0,0
464,0,0,1,0,0,520.0,0,1,0,0,0,0,0,0,0,0
465,0,0,0,1,2,10890.0,1,0,0,0,0,0,0,0,0,0
466,1,0,0,0,2,3110.0,1,0,0,0,0,0,0,0,0,0
467,1,0,0,0,2,20390.0,0,1,0,0,0,0,0,0,0,0
468,0,0,1,0,2,5260.0,0,0,1,0,0,0,0,0,0,0
469,0,0,1,0,2,710.0,1,0,0,0,0,0,0,0,0,0
470,1,0,0,0,2,50.0,1,0,0,0,0,0,0,0,0,0
471,0,0,0,1,0,5300.0,1,0,0,1,0,1,0,1,0,0
472,0,0,1,0,2,5030.0,0,0,1,0,0,0,0,0,0,0
473,1,0,0,0,0,50.0,0,1,0,0,0,0,0,0,0,0
474,0,0,1,0,0,14810.0,0,1,0,1,0,0,1,1,0,0
475,1,0,0,0,0,140.0,1,0,0,0,0,0,0,0,0,0
476,0,0,0,1,0,8300.0,0,1,0,0,0,0,0,0,0,0
477,0,0,0,1,0,770.0,0,0,1,1,1,0,0,1,0,0
478,0,0,0,1,2,1940.0,0,0,1,0,0,0,0,0,0,0
479,1,0,0,0,0,320.0,0,1,0,1,0,1,0,1,0,0
480,1,0,0,0,0,300.0,0,0,1,0,0,0,0,0,0,0
481,0,0,1,0,2,7470.0,0,1,0,1,0,1,0,0,1,0
482,0,0,1,0,0,2550.0,1,0,0,0,0,0,0,0,0,0
483,1,0,0,0,2,2310.0,0,0,1,1,1,0,0,1,0,0
484,1,0,0,0,2,14300.0,0,0,1,0,0,0,0,0,0,0
485,0,0,0,1,2,3270.0,1,0,0,1,1,0,0,0,1,0
486,1,0,0,0,0,2320.0,0,1,0,1,1,0,0,0,0,1
487,0,0,0,1,2,2180.0,0,0,1,1,1,0,0,0,1,0
488,1,0,0,0,2,2890.0,0,0,1,0,0,0,0,0,0,0
489,1,0,0,0,0,14960.0,0,0,1,1,1,0,0,1,0,0
490,1,0,0,0,0,660.0,0,0,1,1,1,0,0,0,0,1
491,0,0,0,1,2,4680.0,1,0,0,1,0,0,1,0,1,0
492,1,0,0,0,0,1740.0,0,1,0,1,1,0,0,0,1,0
493,0,0,0,1,2,1150.0,1,0,0,1,1,0,0,1,0,0
494,0,1,0,0,0,1260.0,0,0,1,0,0,0,0,0,0,0
495,0,0,0,1,0,5470.0,1,0,0,1,1,0,0,1,0,0
496,0,0,0,1,2,2780.0,0,0,1,0,0,0,0,0,0,0
497,1,0,0,0,2,1610.0,1,0,0,0,0,0,0,0,0,0
498,1,0,0,0,0,990.0,0,1,0,1,1,0,0,0,0,1
499,0,0,1,0,2,450.0,0,1,0,1,0,1,0,0,1,0
500,0,0,0,1,2,10690.0,0,1,0,1,1,0,0,0,1,0
501,1,0,0,0,2,1620.0,0,1,0,0,0,0,0,0,0,0
502,1,0,0,0,0,220.0,1,0,0,1,1,0,0,1,0,0
503,0,0,0,1,2,13080.0,0,1,0,1,1,0,0,1,0,0
504,0,0,1,0,2,820.0,0,1,0,0,0,0,0,0,0,0
505,1,0,0,0,0,350.0,0,1,0,1,0,1,0,0,1,0
506,1,0,0,0,0,1850.0,0,0,1,1,0,1,0,0,1,0
507,1,0,0,0,2,9070.0,0,0,1,1,1,0,0,1,0,0
508,1,0,0,0,2,1280.0,1,0,0,1,1,0,0,0,1,0
509,1,0,0,0,0,4740.0,0,1,0,1,1,0,0,1,0,0
510,1,0,0,0,2,8260.0,1,0,0,0,0,0,0,0,0,0
511,1,0,0,0,0,2060.0,0,1,0,0,0,0,0,0,0,0
512,0,1,0,0,1,590.0,0,1,0,1,0,0,1,0,1,0
513,1,0,0,0,0,400.0,0,0,1,0,0,0,0,0,0,0
514,0,0,1,0,2,1200.0,0,0,1,1,1,0,0,0,1,0
515,0,0,0,1,2,11260.0,1,0,0,1,0,1,0,1,0,0
516,1,0,0,0,2,20.0,1,0,0,1,0,0,1,1,0,0
517,1,0,0,0,2,22490.0,1,0,0,0,0,0,0,0,0,0
518,0,0,0,1,2,3330.0,0,0,1,1,1,0,0,1,0,0
519,0,0,1,0,2,2510.0,0,1,0,1,1,0,0,0,1,0
520,1,0,0,0,2,6900.0,1,0,0,1,0,0,1,0,1,0
521,0,0,0,1,0,18610.0,1,0,0,1,0,0,1,0,1,0
522,0,0,0,1,2,7160.0,0,0,1,1,1,0,0,1,0,0
523,0,0,1,0,2,50.0,0,0,1,0,0,0,0,0,0,0
524,1,0,0,0,2,40860.0,0,0,1,0,0,0,0,0,0,0
525,0,0,0,1,2,1870.0,0,0,1,0,0,0,0,0,0,0
526,1,0,0,0,0,120.0,0,1,0,1,0,0,1,0,1,0
527,0,0,0,1,2,5830.0,0,1,0,0,0,0,0,0,0,0
528,1,0,0,0,2,20620.0,1,0,0,1,1,0,0,1,0,0
529,0,0,0,1,2,12920.0,0,0,1,0,0,0,0,0,0,0
530,1,0,0,0,2,18160.0,1,0,0,0,0,0,0,0,0,0
531,1,0,0,0,2,4030.0,1,0,0,0,0,0,0,0,0,0
532,1,0,0,0,2,1070.0,0,0,1,0,0,0,0,0,0,0
533,1,0,0,0,2,5950.0,1,0,0,0,0,0,0,0,0,0
534,0,0,0,1,0,1200.0,0,1,0,1,1,0,0,1,0,0
535,1,0,0,0,0,3570.0,0,1,0,0,0,0,0,0,0,0
536,1,0,0,0,2,4700.0,1,0,0,1,0,1,0,0,0,1
537,1,0,0,0,0,600.0,1,0,0,1,1,0,0,0,1,0
538,1,0,0,0,0,990.0,0,1,0,0,0,0,0,0,0,0
539,1,0,0,0,0,770.0,0,0,1,1,1,0,0,0,0,1
540,0,0,0,1,2,810.0,1,0,0,1,1,0,0,0,1,0
541,1,0,0,0,2,650.0,1,0,0,0,0,0,0,0,0,0
542,1,0,0,0,0,7280.0,0,0,1,1,1,0,0,0,1,0
543,0,0,1,0,0,1080.0,0,0,1,0,0,0,0,0,0,0
544,1,0,0,0,0,250.0,1,0,0,1,1,0,0,1,0,0
545,1,0,0,0,2,5020.0,0,1,0,1,0,1,0,0,0,1
546,1,0,0,0,0,580.0,1,0,0,0,0,0,0,0,0,0
547,0,0,0,1,2,8990.0,0,1,0,1,0,0,1,1,0,0
548,0,0,0,1,2,3760.0,0,1,0,0,0,0,0,0,0,0
549,1,0,0,0,2,2330.0,1,0,0,0,0,0,0,0,0,0
550,0,0,0,1,2,50.0,0,0,1,0,0,0,0,0,0,0
551,1,0,0,0,2,2190.0,0,0,1,0,0,0,0,0,0,0
552,1,0,0,0,0,4260.0,0,1,0,1,1,0,0,1,0,0
553,0,0,1,0,0,3040.0,1,0,0,1,1,0,0,1,0,0
554,0,0,1,0,2,1200.0,0,1,0,0,0,0,0,0,0,0
555,0,0,0,1,0,1560.0,0,0,1,1,0,0,1,0,0,1
556,0,0,0,1,2,1140.0,0,0,1,0,0,0,0,0,0,0
557,1,0,0,0,0,250.0,0,1,0,0,0,0,0,0,0,0
558,1,0,0,0,0,3000.0,0,1,0,0,0,0,0,0,0,0
559,0,0,0,1,0,3910.0,0,1,0,1,0,1,0,0,1,0
560,0,0,1,0,2,1910.0,0,0,1,0,0,0,0,0,0,0
561,0,0,0,1,0,14300.0,1,0,0,0,0,0,0,0,0,0
562,0,1,0,0,2,1210.0,0,1,0,0,0,0,0,0,0,0
563,1,0,0,0,0,700.0,0,0,1,1,1,0,0,0,0,1
564,0,0,0,1,2,6540.0,1,0,0,1,1,0,0,0,0,1
565,1,0,0,0,2,160.0,0,1,0,0,0,0,0,0,0,0
566,1,0,0,0,0,3620.0,0,1,0,1,1,0,0,0,0,1
567,0,0,1,0,0,1010.0,0,0,1,1,0,1,0,0,1,0
568,0,0,0,1,2,4270.0,1,0,0,1,1,0,0,0,1,0
569,1,0,0,0,0,1340.0,0,1,0,0,0,0,0,0,0,0
570,1,0,0,0,0,180.0,0,1,0,0,0,0,0,0,0,0
571,0,0,0,1,0,2110.0,1,0,0,1,1,0,0,0,0,1
572,0,0,0,1,2,9230.0,1,0,0,1,1,0,0,1,0,0
573,1,0,0,0,0,1190.0,0,0,1,1,1,0,0,0,0,1
574,0,0,0,1,0,4400.0,1,0,0,0,0,0,0,0,0,0
575,1,0,0,0,0,960.0,0,1,0,1,1,0,0,1,0,0
576,0,0,1,0,0,50.0,0,1,0,0,0,0,0,0,0,0
577,1,0,0,0,2,2270.0,1,0,0,1,0,0,1,0,1,0
578,0,0,0,1,0,12700.0,0,0,1,0,0,0,0,0,0,0
579,0,0,1,0,0,20970.0,0,0,1,0,0,0,0,0,0,0
580,1,0,0,0,2,170.0,0,1,0,0,0,0,0,0,0,0
581,1,0,0,0,0,7250.0,0,0,1,0,0,0,0,0,0,0
582,1,0,0,0,0,120.0,0,1,0,0,0,0,0,0,0,0
583,1,0,0,0,0,2640.0,1,0,0,0,0,0,0,0,0,0
584,0,0,0,1,0,1360.0,1,0,0,1,0,0,1,1,0,0
585,0,0,0,1,2,440.0,0,0,1,0,0,0,0,0,0,0
586,1,0,0,0,2,250.0,0,1,0,0,0,0,0,0,0,0
587,0,0,0,1,2,330.0,0,1,0,1,1,0,0,1,0,0
588,0,0,0,1,2,15720.0,0,1,0,0,0,0,0,0,0,0
589,1,0,0,0,2,360.0,1,0,0,1,0,1,0,0,0,1
590,0,0,0,1,2,4520.0,0,0,1,1,1,0,0,0,0,1
591,1,0,0,0,2,3340.0,1,0,0,1,0,0,1,0,1,0
592,1,0,0,0,0,2540.0,1,0,0,0,0,0,0,0,0,0
593,1,0,0,0,2,33060.0,0,1,0,0,0,0,0,0,0,0
594,1,0,0,0,0,1790.0,0,0,1,0,0,0,0,0,0,0
595,0,0,1,0,2,1130.0,0,0,1,0,0,0,0,0,0,0
596,0,0,1,0,0,290.0,0,1,0,0,0,0,0,0,0,0
597,1,0,0,0,0,150.0,0,1,0,1,0,0,1,0,1,0
598,0,0,1,0,0,550.0,0,0,1,1,1,0,0,0,0,1
599,0,0,0,1,2,580.0,0,0,1,0,0,0,0,0,0,0
600,0,0,0,1,2,17340.0,0,0,1,1,0,1,0,1,0,0
601,0,0,0,1,0,8220.0,0,0,1,1,1,0,0,1,0,0
602,1,0,0,0,0,2710.0,1,0,0,1,0,0,1,0,1,0
603,1,0,0,0,0,340.0,0,1,0,1,1,0,0,1,0,0
604,0,0,0,1,0,10950.0,0,0,1,0,0,0,0,0,0,0
605,0,0,0,1,0,10310.0,1,0,0,1,1,0,0,1,0,0
606,1,0,0,0,0,2260.0,0,1,0,0,0,0,0,0,0,0
607,1,0,0,0,0,350.0,1,0,0,1,1,0,0,1,0,0
608,1,0,0,0,2,18370.0,0,0,1,1,1,0,0,1,0,0
609,1,0,0,0,0,2070.0,0,1,0,0,0,0,0,0,0,0
610,1,0,0,0,0,660.0,0,1,0,0,0,0,0,0,0,0
611,1,0,0,0,0,8080.0,1,0,0,1,1,0,0,0,0,1
612,0,0,0,1,2,2490.0,0,0,1,1,1,0,0,1,0,0
613,0,0,1,0,0,250.0,0,1,0,1,1,0,0,1,0,0
614,1,0,0,0,0,1160.0,0,0,1,0,0,0,0,0,0,0
615,0,0,0,1,0,730.0,0,1,0,0,0,0,0,0,0,0
616,1,0,0,0,2,3040.0,0,0,1,1,0,0,1,1,0,0
617,1,0,0,0,2,8940.0,1,0,0,1,1,0,0,1,0,0
618,0,0,0,1,2,9910.0,1,0,0,0,0,0,0,0,0,0
619,1,0,0,0,0,1600.0,0,1,0,1,0,1,0,1,0,0
620,0,0,0,1,2,5440.0,1,0,0,1,1,0,0,0,0,1
621,1,0,0,0,0,30.0,1,0,0,0,0,0,0,0,0,0
622,1,0,0,0,2,2320.0,1,0,0,0,0,0,0,0,0,0
623,1,0,0,0,0,4080.0,0,0,1,1,1,0,0,1,0,0
624,1,0,0,0,2,6920.0,0,0,1,0,0,0,0,0,0,0
625,1,0,0,0,0,1170.0,0,0,1,1,0,1,0,0,1,0
626,0,0,1,0,2,10740.0,0,0,1,0,0,0,0,0,0,0
627,0,0,1,0,2,3970.0,0,1,0,0,0,0,0,0,0,0
628,1,0,0,0,2,2180.0,1,0,0,0,0,0,0,0,0,0
629,0,0,0,1,0,510.0,0,0,1,1,0,0,1,0,0,1
630,1,0,0,0,0,1690.0,0,0,1,0,0,0,0,0,0,0
631,0,0,0,1,2,2870.0,1,0,0,1,0,0,1,0,1,0
632,1,0,0,0,0,3350.0,0,1,0,0,0,0,0,0,0,0
633,0,0,0,1,0,11640.0,1,0,0,1,1,0,0,0,1,0
634,0,0,0,1,0,18610.0,1,0,0,0,0,0,0,0,0,0
635,1,0,0,0,0,27530.0,0,0,1,0,0,0,0,0,0,0
636,0,0,1,0,0,720.0,1,0,0,1,1,0,0,1,0,0
637,0,0,0,1,2,9790.0,1,0,0,1,0,1,0,1,0,0
638,0,0,0,1,0,10170.0,1,0,0,0,0,0,0,0,0,0
639,1,0,0,0,0,7780.0,0,1,0,0,0,0,0,0,0,0
640,0,0,0,1,2,8040.0,1,0,0,0,0,0,0,0,0,0
641,1,0,0,0,2,610.0,1,0,0,1,0,0,1,0,0,1
642,0,0,1,0,2,530.0,1,0,0,1,0,0,1,1,0,0
643,1,0,0,0,0,230.0,0,0,1,1,0,1,0,1,0,0
644,0,0,1,0,0,4030.0,1,0,0,1,1,0,0,1,0,0
645,1,0,0,0,0,90.0,0,1,0,1,0,1,0,1,0,0
646,1,0,0,0,0,620.0,0,0,1,0,0,0,0,0,0,0
647,1,0,0,0,2,7420.0,0,0,1,0,0,0,0,0,0,0
648,0,0,0,1,0,2130.0,0,1,0,0,0,0,0,0,0,0
649,1,0,0,0,0,14570.0,1,0,0,0,0,0,0,0,0,0
650,1,0,0,0,0,1420.0,0,0,1,1,1,0,0,0,0,1
651,1,0,0,0,0,200.0,0,1,0,0,0,0,0,0,0,0
652,1,0,0,0,0,20390.0,0,1,0,0,0,0,0,0,0,0
653,0,0,0,1,2,7520.0,0,0,1,1,0,1,0,1,0,0
654,0,0,1,0,0,6930.0,0,1,0,0,0,0,0,0,0,0
655,0,0,0,1,2,960.0,0,0,1,1,0,1,0,0,1,0
656,0,0,0,1,0,410.0,0,1,0,1,1,0,0,1,0,0
657,0,0,1,0,2,80.0,0,1,0,1,1,0,0,0,0,1
658,0,0,0,1,2,520.0,1,0,0,1,1,0,0,1,0,0
659,0,0,0,1,0,1590.0,0,0,1,0,0,0,0,0,0,0
660,1,0,0,0,0,1200.0,0,1,0,1,1,0,0,0,0,1
661,0,0,0,1,2,2140.0,0,0,1,0,0,0,0,0,0,0
662,0,0,0,1,0,1070.0,1,0,0,0,0,0,0,0,0,0
663,1,0,0,0,2,7860.0,1,0,0,0,0,0,0,0,0,0
664,0,0,0,1,2,1680.0,1,0,0,0,0,0,0,0,0,0
665,1,0,0,0,0,90.0,0,0,1,1,1,0,0,1,0,0
666,0,0,1,0,2,2700.0,0,1,0,1,0,0,1,1,0,0
667,0,0,0,1,2,2870.0,0,0,1,0,0,0,0,0,0,0
668,0,0,1,0,0,1270.0,0,0,1,0,0,0,0,0,0,0
669,0,0,0,1,0,17080.0,0,0,1,1,1,0,0,0,0,1
670,1,0,0,0,0,2060.0,0,1,0,1,0,1,0,1,0,0
671,1,0,0,0,2,2070.0,0,1,0,1,1,0,0,1,0,0
672,0,0,1,0,0,240.0,1,0,0,0,0,0,0,0,0,0
673,0,0,0,1,2,15170.0,1,0,0,1,0,1,0,0,1,0
674,1,0,0,0,0,2640.0,0,1,0,1,0,1,0,0,0,1
675,1,0,0,0,0,2100.0,0,0,1,1,1,0,0,1,0,0
676,0,1,0,0,1,1410.0,0,1,0,0,0,0,0,0,0,0
677,0,0,0,1,0,1740.0,0,0,1,1,0,1,0,1,0,0
678,0,0,1,0,0,3250.0,0,1,0,1,1,0,0,0,1,0
679,1,0,0,0,0,4140.0,0,0,1,0,0,0,0,0,0,0
680,0,0,1,0,0,170.0,0,1,0,1,0,0,1,0,1,0
681,1,0,0,0,2,620.0,1,0,0,1,0,0,1,0,0,1
682,0,1,0,0,0,150.0,0,1,0,0,0,0,0,0,0,0
683,1,0,0,0,0,2850.0,0,0,1,0,0,0,0,0,0,0
684,0,0,0,1,2,680.0,1,0,0,1,1,0,0,0,1,0
685,1,0,0,0,0,650.0,0,0,1,1,1,0,0,1,0,0
686,1,0,0,0,0,20050.0,1,0,0,0,0,0,0,0,0,0
687,0,0,0,1,2,2770.0,1,0,0,0,0,0,0,0,0,0
688,1,0,0,0,0,18760.0,0,0,1,1,1,0,0,1,0,0
689,0,0,0,1,0,15040.0,1,0,0,0,0,0,0,0,0,0
690,1,0,0,0,0,100.0,0,1,0,0,0,0,0,0,0,0
691,0,0,0,1,2,3030.0,1,0,0,1,1,0,0,1,0,0
692,1,0,0,0,0,40.0,1,0,0,0,0,0,0,0,0,0
693,0,0,0,1,0,450.0,1,0,0,1,1,0,0,0,1,0
694,1,0,0,0,2,460.0,0,0,1,1,1,0,0,0,0,1
695,1,0,0,0,0,550.0,0,0,1,1,1,0,0,0,1,0
696,1,0,0,0,2,430.0,1,0,0,0,0,0,0,0,0,0
697,0,0,0,1,0,3780.0,1,0,0,1,1,0,0,0,1,0
698,1,0,0,0,0,1790.0,0,0,1,0,0,0,0,0,0,0
699,1,0,0,0,0,180.0,0,1,0,1,1,0,0,0,1,0
700,1,0,0,0,2,830.0,1,0,0,1,1,0,0,0,0,1
701,0,0,0,1,0,1450.0,0,0,1,1,1,0,0,1,0,0
702,1,0,0,0,0,8550.0,1,0,0,1,0,1,0,1,0,0
703,1,0,0,0,0,80.0,1,0,0,0,0,0,0,0,0,0
704,0,0,0,1,2,1910.0,0,1,0,0,0,0,0,0,0,0
705,1,0,0,0,0,4140.0,0,0,1,1,0,1,0,0,1,0
706,0,0,0,1,0,7830.0,0,0,1,1,0,0,1,0,0,1
707,1,0,0,0,2,2900.0,1,0,0,0,0,0,0,0,0,0
708,0,0,1,0,2,11470.0,0,1,0,1,1,0,0,0,0,1
709,1,0,0,0,0,500.0,0,0,1,0,0,0,0,0,0,0
710,0,0,0,1,0,1500.0,0,1,0,1,1,0,0,1,0,0
711,0,0,0,1,0,17110.0,0,1,0,1,1,0,0,1,0,0
712,1,0,0,0,0,4870.0,0,1,0,1,1,0,0,1,0,0
713,1,0,0,0,2,220.0,1,0,0,1,1,0,0,0,0,1
714,0,0,0,1,2,12070.0,1,0,0,1,1,0,0,0,0,1
715,1,0,0,0,0,14810.0,0,0,1,0,0,0,0,0,0,0
716,0,0,0,1,0,3200.0,0,1,0,1,1,0,0,0,1,0
717,0,0,0,1,2,310.0,1,0,0,1,1,0,0,0,1,0
718,1,0,0,0,0,1100.0,0,0,1,0,0,0,0,0,0,0
719,0,0,1,0,2,8190.0,0,1,0,1,0,1,0,1,0,0
720,1,0,0,0,2,15320.0,0,0,1,1,0,1,0,0,0,1
721,1,0,0,0,2,3590.0,0,0,1,1,0,0,1,0,1,0
722,1,0,0,0,0,50.0,0,1,0,0,0,0,0,0,0,0
723,0,0,0,1,2,5650.0,0,1,0,1,0,1,0,0,1,0
724,0,0,0,1,2,5900.0,1,0,0,0,0,0,0,0,0,0
725,0,0,0,1,2,17540.0,0,0,1,0,0,0,0,0,0,0
726,1,0,0,0,2,40540.0,1,0,0,0,0,0,0,0,0,0
727,1,0,0,0,0,2050.0,0,1,0,0,0,0,0,0,0,0
728,0,0,0,1,0,13990.0,1,0,0,1,1,0,0,1,0,0
729,0,0,1,0,2,8980.0,0,0,1,0,0,0,0,0,0,0
730,0,0,1,0,0,1190.0,0,0,1,0,0,0,0,0,0,0
731,1,0,0,0,0,15270.0,0,1,0,1,1,0,0,0,0,1
732,1,0,0,0,2,35280.0,1,0,0,0,0,0,0,0,0,0
733,0,1,0,0,1,860.0,1,0,0,0,0,0,0,0,0,0
734,1,0,0,0,0,220.0,0,1,0,1,0,0,1,0,0,1
735,0,0,0,1,2,1920.0,1,0,0,0,0,0,0,0,0,0
736,0,0,1,0,2,1650.0,0,1,0,1,1,0,0,1,0,0
737,1,0,0,0,0,100.0,0,1,0,1,1,0,0,0,0,1
738,0,0,0,1,2,5980.0,1,0,0,0,0,0,0,0,0,0
739,0,0,0,1,2,2770.0,0,1,0,1,1,0,0,0,1,0
740,0,0,0,1,0,6400.0,0,0,1,0,0,0,0,0,0,0
741,0,0,0,1,2,11900.0,1,0,0,0,0,0,0,0,0,0
742,0,0,0,1,2,4380.0,1,0,0,0,0,0,0,0,0,0
743,1,0,0,0,0,6710.0,1,0,0,1,1,0,0,0,1,0
744,1,0,0,0,0,1370.0,0,0,1,1,1,0,0,0,0,1
745,1,0,0,0,0,17650.0,0,0,1,1,1,0,0,1,0,0
746,0,0,0,1,2,4330.0,0,0,1,1,0,0,1,0,1,0
747,0,0,1,0,2,45740.0,0,1,0,0,0,0,0,0,0,0
748,0,0,0,1,0,2380.0,0,1,0,1,1,0,0,1,0,0
749,1,0,0,0,0,3410.0,0,0,1,1,1,0,0,0,0,1
750,0,0,0,1,0,8670.0,1,0,0,1,1,0,0,1,0,0
751,1,0,0,0,0,650.0,0,1,0,0,0,0,0,0,0,0
752,1,0,0,0,0,970.0,0,0,1,1,0,1,0,0,0,1
753,0,0,0,1,2,540.0,0,0,1,1,0,0,1,1,0,0
754,0,0,1,0,2,380.0,0,1,0,1,0,0,1,0,0,1
755,0,0,0,1,2,13130.0,1,0,0,0,0,0,0,0,0,0
756,1,0,0,0,2,50.0,1,0,0,1,1,0,0,0,1,0
757,1,0,0,0,2,3450.0,1,0,0,0,0,0,0,0,0,0
758,1,0,0,0,2,19780.0,0,1,0,0,0,0,0,0,0,0
759,1,0,0,0,0,110.0,0,0,1,1,0,1,0,0,0,1
760,1,0,0,0,0,560.0,0,0,1,0,0,0,0,0,0,0
761,1,0,0,0,0,2390.0,0,0,1,0,0,0,0,0,0,0
762,0,0,0,1,2,1280.0,1,0,0,1,0,0,1,0,0,1
763,0,0,0,1,2,32240.0,0,1,0,0,0,0,0,0,0,0
764,1,0,0,0,2,26490.0,1,0,0,1,0,0,1,0,0,1
765,1,0,0,0,2,25430.0,1,0,0,1,1,0,0,1,0,0
766,0,0,0,1,2,9820.0,1,0,0,0,0,0,0,0,0,0
767,1,0,0,0,2,13080.0,1,0,0,0,0,0,0,0,0,0
768,1,0,0,0,2,2630.0,0,0,1,0,0,0,0,0,0,0
769,0,1,0,0,1,840.0,0,1,0,1,1,0,0,0,1,0
770,1,0,0,0,2,100.0,0,0,1,0,0,0,0,0,0,0
771,1,0,0,0,0,20640.0,0,1,0,0,0,0,0,0,0,0
772,0,0,0,1,2,1850.0,1,0,0,0,0,0,0,0,0,0
773,1,0,0,0,0,200.0,0,1,0,0,0,0,0,0,0,0
774,1,0,0,0,2,640.0,0,0,1,0,0,0,0,0,0,0
775,0,0,0,1,2,6970.0,0,1,0,1,1,0,0,0,1,0
776,0,0,1,0,0,700.0,0,1,0,1,1,0,0,1,0,0
777,0,0,0,1,2,8250.0,1,0,0,1,0,0,1,0,0,1
778,1,0,0,0,0,340.0,1,0,0,1,1,0,0,0,0,1
779,1,0,0,0,0,16990.0,1,0,0,0,0,0,0,0,0,0
780,1,0,0,0,0,18160.0,0,1,0,0,0,0,0,0,0,0
781,1,0,0,0,0,630.0,0,1,0,0,0,0,0,0,0,0
782,0,0,1,0,2,5390.0,1,0,0,1,1,0,0,0,1,0
783,0,0,0,1,2,15490.0,1,0,0,0,0,0,0,0,0,0
784,1,0,0,0,0,560.0,0,0,1,1,1,0,0,0,0,1
785,0,0,0,1,2,970.0,1,0,0,1,0,1,0,0,0,1
786,1,0,0,0,0,290.0,0,1,0,1,0,1,0,0,1,0
787,0,0,1,0,2,3210.0,0,1,0,0,0,0,0,0,0,0
788,1,0,0,0,2,1530.0,0,0,1,0,0,0,0,0,0,0
789,1,0,0,0,2,9770.0,1,0,0,0,0,0,0,0,0,0
790,0,0,0,1,2,9070.0,1,0,0,0,0,0,0,0,0,0
791,1,0,0,0,0,5950.0,0,1,0,0,0,0,0,0,0,0
792,0,0,0,1,0,17280.0,0,1,0,1,0,1,0,0,1,0
793,0,0,0,1,0,2710.0,0,1,0,0,0,0,0,0,0,0
794,0,0,1,0,2,5090.0,0,1,0,0,0,0,0,0,0,0
795,0,0,0,1,0,510.0,1,0,0,1,0,0,1,1,0,0
796,1,0,0,0,2,7180.0,0,0,1,0,0,0,0,0,0,0
797,1,0,0,0,0,2090.0,0,0,1,1,1,0,0,0,0,1
798,1,0,0,0,0,9560.0,1,0,0,0,0,0,0,0,0,0
799,1,0,0,0,2,2700.0,1,0,0,0,0,0,0,0,0,0
800,0,0,0,1,0,2020.0,0,0,1,0,0,0,0,0,0,0
801,0,0,0,1,0,48330.0,0,0,1,0,0,0,0,0,0,0
802,1,0,0,0,2,910.0,1,0,0,1,0,1,0,0,1,0
803,0,0,0,1,0,1760.0,1,0,0,1,0,0,1,0,0,1
804,0,0,1,0,2,2100.0,0,1,0,1,1,0,0,0,1,0
805,0,0,0,1,0,24770.0,0,0,1,1,0,0,1,0,0,1
806,0,0,0,1,0,260.0,1,0,0,1,0,1,0,1,0,0
807,1,0,0,0,0,3870.0,0,1,0,0,0,0,0,0,0,0
808,1,0,0,0,0,18620.0,0,1,0,1,0,1,0,1,0,0
809,1,0,0,0,0,12770.0,1,0,0,0,0,0,0,0,0,0
810,0,0,0,1,2,9640.0,0,0,1,0,0,0,0,0,0,0
811,1,0,0,0,0,410.0,0,0,1,0,0,0,0,0,0,0
812,0,0,0,1,0,2590.0,0,0,1,0,0,0,0,0,0,0
813,1,0,0,0,0,1560.0,1,0,0,0,0,0,0,0,0,0
814,0,0,0,1,2,24530.0,0,0,1,0,0,0,0,0,0,0
815,1,0,0,0,0,590.0,1,0,0,1,1,0,0,0,0,1
816,0,0,1,0,2,460.0,0,1,0,0,0,0,0,0,0,0
817,1,0,0,0,0,140.0,0,1,0,0,0,0,0,0,0,0
818,0,0,0,1,0,490.0,1,0,0,1,0,0,1,1,0,0
819,1,0,0,0,2,720.0,0,0,1,0,0,0,0,0,0,0
820,1,0,0,0,2,1650.0,1,0,0,1,1,0,0,0,0,1
821,1,0,0,0,0,1700.0,0,1,0,0,0,0,0,0,0,0
822,1,0,0,0,2,410.0,0,0,1,1,0,0,1,1,0,0
823,1,0,0,0,2,16210.0,0,0,1,0,0,0,0,0,0,0
824,1,0,0,0,0,17570.0,0,1,0,0,0,0,0,0,0,0
825,1,0,0,0,0,380.0,0,0,1,1,1,0,0,0,0,1
826,1,0,0,0,2,7980.0,1,0,0,0,0,0,0,0,0,0
827,1,0,0,0,2,250.0,1,0,0,0,0,0,0,0,0,0
828,0,0,0,1,2,3290.0,0,0,1,0,0,0,0,0,0,0
829,0,0,1,0,0,110.0,0,1,0,0,0,0,0,0,0,0
830,1,0,0,0,2,6320.0,1,0,0,1,1,0,0,1,0,0
831,1,0,0,0,0,800.0,0,1,0,0,0,0,0,0,0,0
832,0,0,0,1,0,5070.0,1,0,0,1,0,1,0,1,0,0
833,0,0,0,1,2,3290.0,1,0,0,1,0,0,1,1,0,0
834,1,0,0,0,0,3470.0,0,0,1,0,0,0,0,0,0,0
835,1,0,0,0,0,2890.0,0,1,0,1,0,0,1,0,0,1
836,1,0,0,0,0,2720.0,0,0,1,0,0,0,0,0,0,0
837,1,0,0,0,2,14600.0,0,0,1,0,0,0,0,0,0,0
838,0,0,0,1,2,6890.0,1,0,0,1,0,0,1,0,1,0
839,0,0,1,0,0,240.0,0,0,1,0,0,0,0,0,0,0
840,1,0,0,0,0,1070.0,0,1,0,0,0,0,0,0,0,0
841,1,0,0,0,0,27650.0,1,0,0,0,0,0,0,0,0,0
842,0,0,0,1,2,1200.0,0,1,0,0,0,0,0,0,0,0
843,0,0,1,0,0,60.0,0,1,0,0,0,0,0,0,0,0
844,1,0,0,0,0,2030.0,0,0,1,1,0,1,0,0,1,0
845,0,0,0,1,0,7860.0,1,0,0,1,1,0,0,1,0,0
846,1,0,0,0,2,8860.0,1,0,0,1,1,0,0,1,0,0
847,0,0,1,0,2,190.0,0,1,0,1,0,1,0,0,0,1
848,1,0,0,0,2,370.0,0,1,0,1,1,0,0,1,0,0
849,0,0,1,0,2,5000.0,0,1,0,0,0,0,0,0,0,0
850,0,0,0,1,0,1120.0,0,1,0,1,1,0,0,0,0,1
851,0,0,0,1,2,2330.0,1,0,0,1,0,0,1,0,0,1
852,0,0,1,0,0,940.0,1,0,0,1,1,0,0,1,0,0
853,1,0,0,0,0,14040.0,0,1,0,0,0,0,0,0,0,0
854,0,0,1,0,0,4770.0,0,1,0,1,1,0,0,1,0,0
855,1,0,0,0,0,3440.0,0,1,0,1,0,1,0,1,0,0
856,1,0,0,0,0,3020.0,0,1,0,0,0,0,0,0,0,0
857,0,0,1,0,0,6270.0,1,0,0,1,0,0,1,0,0,1
858,1,0,0,0,0,3370.0,0,1,0,1,1,0,0,0,0,1
859,0,0,1,0,0,21770.0,0,0,1,0,0,0,0,0,0,0
860,0,0,1,0,2,5980.0,0,1,0,0,0,0,0,0,0,0
861,0,0,1,0,2,740.0,0,1,0,1,0,0,1,0,0,1
862,1,0,0,0,2,2840.0,0,1,0,1,1,0,0,1,0,0
863,1,0,0,0,2,21370.0,0,0,1,0,0,0,0,0,0,0
864,1,0,0,0,0,1020.0,0,0,1,1,0,1,0,1,0,0
865,0,0,0,1,2,2640.0,1,0,0,0,0,0,0,0,0,0
866,0,0,0,1,0,9680.0,1,0,0,1,0,1,0,0,1,0
867,0,0,0,1,2,21810.0,0,0,1,0,0,0,0,0,0,0
868,0,0,0,1,2,1360.0,1,0,0,1,1,0,0,0,0,1
869,0,0,1,0,0,230.0,1,0,0,1,1,0,0,1,0,0
870,1,0,0,0,0,780.0,0,1,0,0,0,0,0,0,0,0
871,0,0,0,1,2,10620.0,1,0,0,0,0,0,0,0,0,0
872,1,0,0,0,2,3860.0,0,0,1,1,0,0,1,0,0,1
873,1,0,0,0,0,2040.0,0,1,0,0,0,0,0,0,0,0
874,1,0,0,0,0,3210.0,0,1,0,0,0,0,0,0,0,0
875,0,0,0,1,0,5070.0,0,1,0,1,0,1,0,0,0,1
876,1,0,0,0,0,21790.0,1,0,0,1,0,1,0,0,0,1
877,1,0,0,0,2,29190.0,1,0,0,0,0,0,0,0,0,0
878,0,0,0,1,2,1100.0,0,0,1,0,0,0,0,0,0,0
879,0,0,0,1,0,4385.0,1,0,0,1,0,1,0,0,1,0
880,1,0,0,0,2,4570.0,1,0,0,0,0,0,0,0,0,0
881,1,0,0,0,0,180.0,0,1,0,1,0,1,0,0,0,1
882,1,0,0,0,0,30.0,0,0,1,0,0,0,0,0,0,0
883,1,0,0,0,0,3200.0,1,0,0,0,0,0,0,0,0,0
884,0,0,0,1,2,7550.0,1,0,0,0,0,0,0,0,0,0
885,1,0,0,0,0,480.0,0,1,0,0,0,0,0,0,0,0
886,1,0,0,0,2,12430.0,1,0,0,0,0,0,0,0,0,0
887,0,0,0,1,0,19700.0,1,0,0,1,1,0,0,1,0,0
888,0,0,0,1,0,4450.0,0,0,1,1,0,0,1,0,1,0
889,0,0,0,1,0,18670.0,0,1,0,0,0,0,0,0,0,0
890,1,0,0,0,0,4450.0,0,1,0,1,1,0,0,1,0,0
891,1,0,0,0,2,350.0,1,0,0,1,0,1,0,0,0,1
892,1,0,0,0,0,19370.0,1,0,0,0,0,0,0,0,0,0
893,1,0,0,0,0,130.0,0,1,0,1,1,0,0,0,1,0
894,1,0,0,0,0,190.0,0,0,1,0,0,0,0,0,0,0
895,1,0,0,0,2,4150.0,1,0,0,0,0,0,0,0,0,0
896,1,0,0,0,2,170.0,0,0,1,0,0,0,0,0,0,0
897,0,0,1,0,2,3290.0,0,1,0,1,0,1,0,0,1,0
898,1,0,0,0,0,18540.0,0,1,0,0,0,0,0,0,0,0
899,0,0,0,1,0,2590.0,1,0,0,1,1,0,0,1,0,0
900,1,0,0,0,0,3920.0,1,0,0,1,1,0,0,0,0,1
901,1,0,0,0,2,3170.0,0,0,1,0,0,0,0,0,0,0
902,1,0,0,0,0,310.0,0,0,1,1,1,0,0,0,0,1
903,0,0,0,1,2,7290.0,0,0,1,0,0,0,0,0,0,0
904,0,0,0,1,2,570.0,0,0,1,1,1,0,0,1,0,0
905,1,0,0,0,0,90.0,0,0,1,0,0,0,0,0,0,0
906,1,0,0,0,0,90.0,0,0,1,0,0,0,0,0,0,0
907,1,0,0,0,2,250.0,1,0,0,0,0,0,0,0,0,0
908,1,0,0,0,0,1980.0,0,0,1,1,1,0,0,1,0,0
909,1,0,0,0,2,1680.0,1,0,0,1,0,1,0,1,0,0
910,0,0,0,1,2,12480.0,1,0,0,1,1,0,0,0,1,0
911,1,0,0,0,2,16490.0,1,0,0,0,0,0,0,0,0,0
912,0,0,1,0,2,3100.0,0,0,1,0,0,0,0,0,0,0
913,1,0,0,0,0,280.0,0,1,0,0,0,0,0,0,0,0
914,0,0,1,0,2,2640.0,0,0,1,1,0,0,1,0,1,0
915,0,0,0,1,2,650.0,0,0,1,1,1,0,0,0,0,1
916,1,0,0,0,0,90.0,0,0,1,0,0,0,0,0,0,0
917,1,0,0,0,0,7240.0,0,1,0,0,0,0,0,0,0,0
918,1,0,0,0,2,18710.0,0,0,1,0,0,0,0,0,0,0
919,1,0,0,0,0,2620.0,0,1,0,1,0,1,0,1,0,0
920,1,0,0,0,0,850.0,0,0,1,1,1,0,0,0,0,1
921,1,0,0,0,0,840.0,0,1,0,0,0,0,0,0,0,0
922,0,0,0,1,0,2110.0,0,1,0,0,0,0,0,0,0,0
923,1,0,0,0,0,280.0,0,1,0,0,0,0,0,0,0,0
924,1,0,0,0,0,6420.0,0,0,1,1,1,0,0,0,1,0
925,0,0,1,0,0,470.0,0,1,0,1,1,0,0,0,1,0
926,0,0,0,1,2,5150.0,0,0,1,1,1,0,0,1,0,0
927,1,0,0,0,0,480.0,0,1,0,0,0,0,0,0,0,0
928,0,0,0,1,2,1090.0,1,0,0,1,0,1,0,0,0,1
929,1,0,0,0,2,4820.0,0,0,1,0,0,0,0,0,0,0
930,1,0,0,0,0,70.0,0,1,0,0,0,0,0,0,0,0
931,1,0,0,0,2,1480.0,0,0,1,1,1,0,0,0,1,0
932,1,0,0,0,0,15700.0,0,1,0,1,1,0,0,1,0,0
933,1,0,0,0,2,6270.0,1,0,0,0,0,0,0,0,0,0
934,1,0,0,0,2,5460.0,1,0,0,1,1,0,0,1,0,0
935,1,0,0,0,2,22350.0,0,0,1,0,0,0,0,0,0,0
936,1,0,0,0,0,580.0,0,1,0,0,0,0,0,0,0,0
937,0,0,0,1,0,2810.0,1,0,0,1,1,0,0,0,0,1
938,1,0,0,0,0,2820.0,0,1,0,0,0,0,0,0,0,0
939,0,0,0,1,0,1340.0,1,0,0,0,0,0,0,0,0,0
940,0,0,0,1,2,6470.0,0,0,1,0,0,0,0,0,0,0
941,1,0,0,0,0,1200.0,0,0,1,1,1,0,0,0,0,1
942,0,0,0,1,2,6860.0,1,0,0,1,1,0,0,0,1,0
943,0,0,0,1,2,18020.0,1,0,0,0,0,0,0,0,0,0
944,0,0,1,0,0,1670.0,0,0,1,0,0,0,0,0,0,0
945,1,0,0,0,2,12480.0,0,0,1,0,0,0,0,0,0,0
946,1,0,0,0,0,2220.0,0,0,1,1,1,0,0,0,0,1
947,1,0,0,0,0,460.0,0,0,1,1,1,0,0,1,0,0
948,0,1,0,0,1,1430.0,0,1,0,0,0,0,0,0,0,0
949,1,0,0,0,0,870.0,0,1,0,0,0,0,0,0,0,0
950,1,0,0,0,0,8460.0,1,0,0,0,0,0,0,0,0,0
951,0,0,0,1,2,710.0,1,0,0,1,1,0,0,0,1,0
952,0,0,0,1,2,6300.0,0,0,1,0,0,0,0,0,0,0
953,1,0,0,0,0,19830.0,0,1,0,1,0,0,1,0,1,0
954,1,0,0,0,0,390.0,0,0,1,1,1,0,0,0,0,1
955,0,0,0,1,2,1690.0,0,1,0,1,0,0,1,0,0,1
956,1,0,0,0,0,2330.0,0,0,1,1,0,1,0,0,1,0
957,0,0,0,1,2,1420.0,0,0,1,0,0,0,0,0,0,0
958,1,0,0,0,0,440.0,0,0,1,0,0,0,0,0,0,0
959,1,0,0,0,2,1060.0,0,1,0,0,0,0,0,0,0,0
960,0,0,0,1,0,8990.0,1,0,0,1,0,1,0,1,0,0
961,0,0,0,1,2,9430.0,1,0,0,0,0,0,0,0,0,0
962,0,0,1,0,0,260.0,0,1,0,0,0,0,0,0,0,0
963,1,0,0,0,2,23620.0,0,0,1,0,0,0,0,0,0,0
964,1,0,0,0,0,270.0,0,1,0,1,0,1,0,0,1,0
965,1,0,0,0,2,110.0,1,0,0,0,0,0,0,0,0,0
966,1,0,0,0,0,760.0,0,1,0,0,0,0,0,0,0,0
967,1,0,0,0,2,3560.0,0,0,1,1,1,0,0,0,0,1
968,0,0,1,0,0,1190.0,0,1,0,0,0,0,0,0,0,0
969,1,0,0,0,2,600.0,1,0,0,1,1,0,0,0,0,1
970,1,0,0,0,0,910.0,0,0,1,1,1,0,0,1,0,0
971,0,0,1,0,0,1140.0,0,0,1,1,0,0,1,0,1,0
972,1,0,0,0,0,14960.0,0,1,0,0,0,0,0,0,0,0
973,0,0,0,1,2,330.0,1,0,0,1,1,0,0,0,1,0
974,1,0,0,0,0,150.0,0,0,1,1,1,0,0,0,0,1
975,1,0,0,0,2,9630.0,1,0,0,1,1,0,0,1,0,0
976,1,0,0,0,0,4180.0,0,1,0,0,0,0,0,0,0,0
977,1,0,0,0,0,520.0,1,0,0,1,1,0,0,1,0,0
978,0,0,1,0,2,3890.0,0,1,0,0,0,0,0,0,0,0
979,1,0,0,0,2,2270.0,1,0,0,1,1,0,0,1,0,0
980,1,0,0,0,0,4420.0,1,0,0,0,0,0,0,0,0,0
981,0,0,0,1,2,2620.0,1,0,0,0,0,0,0,0,0,0
982,0,0,0,1,0,21930.0,1,0,0,0,0,0,0,0,0,0
983,1,0,0,0,0,40.0,0,0,1,1,1,0,0,0,0,1
984,0,0,1,0,0,440.0,0,1,0,1,1,0,0,0,1,0
985,0,0,1,0,2,490.0,0,1,0,1,1,0,0,1,0,0
986,1,0,0,0,0,620.0,0,0,1,1,0,1,0,0,0,1
987,0,0,1,0,0,1690.0,0,1,0,0,0,0,0,0,0,0
988,1,0,0,0,0,30.0,0,0,1,0,0,0,0,0,0,0
989,1,0,0,0,0,1640.0,0,1,0,1,1,0,0,0,1,0
990,0,0,0,1,0,20930.0,1,0,0,0,0,0,0,0,0,0
991,1,0,0,0,0,1010.0,0,1,0,0,0,0,0,0,0,0
992,1,0,0,0,0,2480.0,1,0,0,0,0,0,0,0,0,0
993,0,0,0,1,2,3460.0,0,0,1,1,1,0,0,0,0,1
994,1,0,0,0,0,2290.0,0,0,1,1,1,0,0,0,1,0
995,0,0,0,1,0,6560.0,0,0,1,0,0,0,0,0,0,0
996,0,0,1,0,0,2870.0,0,0,1,1,1,0,0,1,0,0
997,0,0,0,1,2,5840.0,0,0,1,1,1,0,0,1,0,0
998,1,0,0,0,0,780.0,1,0,0,1,0,1,0,0,1,0
999,0,0,0,1,2,15140.0,1,0,0,1,1,0,0,1,0,0
1000,1,0,0,0,2,2230.0,0,1,0,1,1,0,0,0,0,1
1001,0,0,1,0,0,19640.0,0,1,0,1,1,0,0,1,0,0
1002,0,0,0,1,2,1130.0,0,1,0,0,0,0,0,0,0,0
1003,1,0,0,0,0,170.0,0,0,1,1,1,0,0,0,0,1
1004,0,0,0,1,2,970.0,1,0,0,1,0,0,1,1,0,0
1005,1,0,0,0,0,6480.0,0,1,0,0,0,0,0,0,0,0
1006,0,0,1,0,2,3890.0,0,1,0,1,0,1,0,0,1,0
1007,0,0,1,0,2,4180.0,0,0,1,0,0,0,0,0,0,0
1008,1,0,0,0,2,30.0,0,0,1,0,0,0,0,0,0,0
1009,1,0,0,0,0,230.0,1,0,0,1,1,0,0,0,0,1
1010,0,0,0,1,2,4610.0,0,0,1,1,0,1,0,1,0,0
1011,1,0,0,0,2,490.0,0,0,1,1,0,1,0,0,1,0
1012,0,0,0,1,2,6330.0,1,0,0,1,1,0,0,1,0,0
1013,1,0,0,0,0,630.0,0,0,1,1,0,1,0,0,0,1
1014,1,0,0,0,2,210.0,1,0,0,1,1,0,0,0,0,1
1015,0,0,0,1,2,9910.0,0,0,1,1,0,0,1,1,0,0
1016,0,0,1,0,2,550.0,0,1,0,1,0,0,1,1,0,0
1017,0,0,1,0,0,110.0,0,1,0,0,0,0,0,0,0,0
1018,0,0,1,0,2,140.0,0,0,1,0,0,0,0,0,0,0
1019,0,0,0,1,2,2740.0,0,0,1,1,1,0,0,1,0,0
1020,1,0,0,0,0,40.0,0,0,1,0,0,0,0,0,0,0
1021,1,0,0,0,0,1080.0,0,0,1,0,0,0,0,0,0,0
1022,1,0,0,0,2,1520.0,1,0,0,0,0,0,0,0,0,0
1023,0,0,1,0,0,3740.0,1,0,0,1,1,0,0,1,0,0
1024,0,0,1,0,2,1990.0,0,0,1,0,0,0,0,0,0,0
1025,1,0,0,0,0,720.0,0,1,0,0,0,0,0,0,0,0
1026,0,0,1,0,0,450.0,0,0,1,1,0,0,1,0,1,0
1027,1,0,0,0,2,190.0,0,1,0,1,1,0,0,0,1,0
1028,1,0,0,0,0,150.0,0,1,0,1,1,0,0,0,0,1
1029,1,0,0,0,0,1590.0,0,1,0,0,0,0,0,0,0,0
1030,1,0,0,0,0,36410.0,0,1,0,0,0,0,0,0,0,0
1031,0,0,0,1,0,590.0,1,0,0,0,0,0,0,0,0,0
1032,0,0,0,1,2,270.0,0,0,1,1,1,0,0,0,1,0
1033,1,0,0,0,0,7680.0,0,1,0,0,0,0,0,0,0,0
1034,1,0,0,0,0,13750.0,0,0,1,0,0,0,0,0,0,0
1035,1,0,0,0,0,27150.0,0,1,0,0,0,0,0,0,0,0
1036,0,0,0,1,2,9560.0,1,0,0,1,1,0,0,0,0,1
1037,1,0,0,0,2,150.0,1,0,0,0,0,0,0,0,0,0
1038,0,0,0,1,0,17290.0,0,0,1,0,0,0,0,0,0,0
1039,1,0,0,0,2,70.0,1,0,0,1,0,0,1,0,1,0
1040,1,0,0,0,0,4030.0,0,0,1,1,1,0,0,0,0,1
1041,0,0,1,0,0,1600.0,0,0,1,1,1,0,0,0,0,1
1042,1,0,0,0,0,3440.0,0,1,0,1,0,1,0,0,0,1
1043,0,0,1,0,0,420.0,0,1,0,0,0,0,0,0,0,0
1044,0,0,1,0,0,240.0,0,0,1,1,1,0,0,1,0,0
1045,1,0,0,0,2,26990.0,0,0,1,0,0,0,0,0,0,0
1046,0,0,0,1,2,29070.0,1,0,0,0,0,0,0,0,0,0
1047,1,0,0,0,0,3750.0,0,1,0,1,0,1,0,1,0,0
1048,0,0,0,1,2,1860.0,0,0,1,1,1,0,0,0,1,0
1049,1,0,0,0,0,370.0,0,0,1,1,1,0,0,1,0,0
1050,0,0,0,1,2,13170.0,0,0,1,1,0,0,1,1,0,0
1051,0,0,1,0,0,200.0,1,0,0,1,1,0,0,0,1,0
1052,1,0,0,0,2,5080.0,1,0,0,1,0,1,0,0,0,1
1053,1,0,0,0,0,1710.0,0,0,1,0,0,0,0,0,0,0
1054,1,0,0,0,2,13190.0,1,0,0,1,0,1,0,0,0,1
1055,0,0,1,0,0,1980.0,0,1,0,0,0,0,0,0,0,0
1056,0,0,0,1,2,5350.0,1,0,0,1,1,0,0,0,1,0
1057,0,0,0,1,2,3230.0,0,0,1,0,0,0,0,0,0,0
1058,1,0,0,0,2,180.0,1,0,0,1,0,0,1,1,0,0
1059,0,0,1,0,0,3380.0,0,0,1,0,0,0,0,0,0,0
1060,1,0,0,0,2,3430.0,1,0,0,1,0,1,0,0,0,1
1061,0,0,0,1,2,8110.0,1,0,0,0,0,0,0,0,0,0
1062,0,0,0,1,0,190.0,0,0,1,1,0,1,0,0,1,0
1063,1,0,0,0,2,6250.0,1,0,0,0,0,0,0,0,0,0
1064,1,0,0,0,2,420.0,1,0,0,0,0,0,0,0,0,0
1065,1,0,0,0,0,1290.0,0,1,0,1,0,0,1,0,1,0
1066,1,0,0,0,0,3350.0,0,1,0,0,0,0,0,0,0,0
1067,0,0,0,1,2,12020.0,0,1,0,0,0,0,0,0,0,0
1068,0,0,0,1,2,5010.0,1,0,0,1,1,0,0,0,1,0
1069,1,0,0,0,2,18050.0,1,0,0,1,1,0,0,1,0,0
1070,0,0,1,0,2,400.0,0,1,0,0,0,0,0,0,0,0
1071,1,0,0,0,0,820.0,0,0,1,1,0,0,1,0,1,0
1072,1,0,0,0,2,5380.0,0,0,1,1,0,1,0,1,0,0
1073,1,0,0,0,2,1710.0,1,0,0,1,1,0,0,0,1,0
1074,0,0,1,0,2,3330.0,1,0,0,1,1,0,0,1,0,0
1075,1,0,0,0,2,1410.0,0,0,1,0,0,0,0,0,0,0
1076,1,0,0,0,2,90.0,1,0,0,1,1,0,0,0,1,0
1077,1,0,0,0,0,3750.0,1,0,0,1,0,0,1,1,0,0
1078,0,0,0,1,2,670.0,1,0,0,1,1,0,0,0,1,0
1079,1,0,0,0,0,16680.0,0,1,0,1,1,0,0,1,0,0
1080,1,0,0,0,0,2410.0,0,1,0,1,1,0,0,0,0,1
1081,0,1,0,0,0,400.0,0,1,0,0,0,0,0,0,0,0
1082,0,0,1,0,0,440.0,1,0,0,0,0,0,0,0,0,0
1083,0,0,0,1,2,11540.0,1,0,0,1,0,1,0,0,1,0
1084,1,0,0,0,0,190.0,0,1,0,1,1,0,0,1,0,0
1085,0,0,1,0,0,4030.0,0,0,1,0,0,0,0,0,0,0
1086,1,0,0,0,0,180.0,0,0,1,1,0,1,0,0,1,0
1087,0,0,0,1,2,2210.0,0,0,1,0,0,0,0,0,0,0
1088,1,0,0,0,0,4300.0,0,1,0,1,1,0,0,0,0,1
1089,0,0,0,1,0,5220.0,0,1,0,0,0,0,0,0,0,0
1090,1,0,0,0,0,330.0,0,1,0,1,1,0,0,1,0,0
1091,1,0,0,0,2,9990.0,1,0,0,0,0,0,0,0,0,0
1092,1,0,0,0,0,300.0,1,0,0,1,1,0,0,0,0,1
1093,0,0,1,0,2,10450.0,0,1,0,0,0,0,0,0,0,0
1094,0,0,0,1,0,2380.0,0,0,1,1,1,0,0,0,0,1
1095,1,0,0,0,0,690.0,0,1,0,1,1,0,0,1,0,0
1096,1,0,0,0,2,1130.0,1,0,0,1,0,0,1,0,0,1
1097,0,1,0,0,1,720.0,1,0,0,0,0,0,0,0,0,0
1098,1,0,0,0,0,1830.0,1,0,0,0,0,0,0,0,0,0
1099,1,0,0,0,2,200.0,0,0,1,1,1,0,0,0,0,1
1100,1,0,0,0,0,540.0,0,1,0,1,1,0,0,1,0,0
1101,0,0,0,1,2,4060.0,0,0,1,0,0,0,0,0,0,0
1102,1,0,0,0,0,850.0,0,0,1,1,1,0,0,0,0,1
1103,0,0,0,1,2,1340.0,0,1,0,1,0,1,0,0,1,0
1104,0,0,0,1,0,260.0,0,0,1,1,1,0,0,1,0,0
1105,0,0,1,0,2,330.0,0,1,0,1,0,1,0,0,1,0
1106,1,0,0,0,2,5330.0,0,0,1,1,1,0,0,0,0,1
1107,1,0,0,0,0,1400.0,0,0,1,1,1,0,0,1,0,0
1108,1,0,0,0,0,540.0,1,0,0,0,0,0,0,0,0,0
1109,0,0,1,0,0,3490.0,0,0,1,1,1,0,0,0,1,0
1110,0,0,1,0,2,900.0,0,0,1,0,0,0,0,0,0,0
1111,1,0,0,0,0,1900.0,0,0,1,1,1,0,0,0,0,1
1112,0,0,1,0,2,1880.0,0,1,0,0,0,0,0,0,0,0
1113,1,0,0,0,2,9260.0,1,0,0,0,0,0,0,0,0,0
1114,1,0,0,0,2,870.0,1,0,0,0,0,0,0,0,0,0
1115,0,0,0,1,2,5350.0,1,0,0,1,0,0,1,0,1,0
